Startup Name,Year,TotalFunding_USD,DealsCount
BYJU'S,2019.0,150000000.0,1
#Fame,2015.0,10000000.0,1
121Policy,2016.0,0.0,0
19th mile,2018.0,180000.0,1
1Crowd,2017.0,0.0,0
1mg,2016.0,15000000.0,1
1mg,2017.0,15000000.0,1
1mg,2018.0,10000000.0,1
1mg (Healthkartplus),2015.0,6000000.0,1
20Dresses,2015.0,1000000.0,1
33Coupons,2015.0,20000.0,1
360Ride,2016.0,150000.0,1
3Dexter,2016.0,150000.0,1
3HCare,2017.0,100000.0,1
3HCare,2018.0,1000000.0,1
3rdFlix,2019.0,5000000.0,1
48East,2017.0,500000.0,1
4tigo,2017.0,10000000.0,1
5th Vital,2018.0,500000.0,1
6Degree,2015.0,0.0,0
6Degree,2016.0,200000.0,1
75F,2019.0,18000000.0,1
91SpringBoard,2016.0,0.0,0
91SpringBoard,2017.0,0.0,0
99Games,2017.0,0.0,0
99PerHour,2017.0,300000.0,1
9Stacks,2017.0,1500000.0,1
A&R Bon Vivants,2018.0,1000000.0,1
ABI Health,2017.0,1500000.0,1
AEON Learning,2018.0,3200000.0,1
AHA Taxis,2015.0,0.0,0
AYE Finance,2017.0,6900000.0,1
AadharAPI.com,2017.0,0.0,0
Aadyah,2017.0,1000000.0,1
Aahaa,2016.0,1000000.0,1
Aahaa Stores,2017.0,1000000.0,1
Aarav UAV,2016.0,0.0,0
Aasaanjobs,2015.0,1500000.0,1
Aasaanjobs,2016.0,5000000.0,1
Aashiyaan,2018.0,2000000.0,1
Aavishkaar-Intellecap Group,2018.0,31000000.0,1
AbeRuk,2016.0,0.0,0
Abhibus,2015.0,0.0,0
Absentia,2015.0,180000.0,1
Absentia VR,2017.0,1250000.0,1
Ace Turtle,2017.0,5000000.0,1
Ace2three,2017.0,73700000.0,1
Acko,2018.0,12000000.0,1
ActOnMagic,2016.0,125000.0,1
Actionable Analytics,2015.0,0.0,0
Active AI,2017.0,8250000.0,1
Active.ai,2016.0,3500000.0,2
Actofit,2016.0,750000.0,1
Ad2pro,2018.0,9700000.0,1
AdPushUp,2016.0,0.0,0
AdStringO,2015.0,350000.0,1
AdUrCup,2016.0,100000.0,1
AdWyze,2015.0,1000000.0,1
Address Health,2016.0,1500000.0,1
AdmitKard,2019.0,1000000.0,1
Advanced Structures India,2016.0,0.0,0
Advantage Club,2016.0,400000.0,1
Advenio,2016.0,100000.0,1
Adytude,2016.0,1000000.0,1
Aequm,2017.0,1000000.0,1
AerMed,2016.0,0.0,0
Affimity,2016.0,1200000.0,1
Affordplan,2016.0,3500000.0,2
Agara Labs,2019.0,2500000.0,1
AgentDesks,2015.0,2950000.0,1
Agricxlab,2018.0,500000.0,1
Agrostar,2015.0,4000000.0,1
Agrostar,2017.0,10000000.0,1
Agrowave,2017.0,0.0,0
AirCTO,2017.0,0.0,0
AirMed Labs,2017.0,1400000.0,1
AirZaar,2017.0,350000.0,1
Airpay,2017.0,3670000.0,1
Airwood,2016.0,0.0,0
Aisle,2016.0,185000.0,1
Aisle,2017.0,0.0,0
Aisle.co,2015.0,100000.0,1
Akosha,2015.0,16000000.0,1
Alef Mobitech,2016.0,5000000.0,1
AllIzHealth,2015.0,350000.0,1
Allygrow Technologies,2015.0,20000000.0,1
AlmaConnect,2016.0,0.0,0
AlmaMapper,2015.0,400000.0,1
Alpha Capital,2018.0,14800000.0,1
Alteria Capital,2019.0,140000000.0,1
Alternacare,2016.0,500000.0,1
Altizone,2016.0,4000000.0,1
Amagi Media Labs,2015.0,0.0,0
Amagi Media Labs,2016.0,35000000.0,1
Ambee,2017.0,0.0,0
American Vision,2016.0,81000.0,1
Amigobulls,2015.0,0.0,0
Ampere,2015.0,0.0,0
Ampere Vehicles,2015.0,1200000.0,1
Anakage,2015.0,0.0,0
Anandakanda,2016.0,150000.0,1
Anchanto,2017.0,0.0,0
Anchanto,2018.0,4000000.0,1
Annapurna Finance,2018.0,23000000.0,1
Antuit,2015.0,56000000.0,1
AppBrowzer,2017.0,500000.0,1
AppDaily,2016.0,2000000.0,1
AppLop,2016.0,250000.0,1
AppVirality,2015.0,500000.0,1
Appario Retail Pvt Ltd.,2018.0,18840000.0,1
Appbase,2015.0,290000.0,1
Appedo,2015.0,1000000.0,1
Appie,2016.0,1000000.0,1
AppilyEver,2016.0,400000.0,1
Appknox,2016.0,675000.0,1
Applicate,2015.0,550000.0,1
Applicate,2016.0,1000000.0,1
Applied Solar Technologies,2015.0,40000000.0,1
Applop,2015.0,100000.0,1
AppsDaily,2016.0,3750000.0,1
Appsdaily,2015.0,16000000.0,1
Appvigil,2015.0,500000.0,1
Arcatron,2017.0,0.0,0
Arcatron Mobility,2016.0,100000.0,1
Ark Robot,2016.0,350000.0,1
Arkin Net,2015.0,15000000.0,1
Arohan Financial Services,2015.0,10000000.0,1
Arth DesignBuild,2015.0,500000.0,1
Artoo,2015.0,500000.0,1
Arya.ai,2015.0,750000.0,1
Aryaka,2015.0,16000000.0,1
Asia Institute Of Medical Science,2018.0,21000000.0,1
AskMyGift,2015.0,50000.0,1
Asocon,2016.0,0.0,0
Ather Energy,2015.0,12000000.0,1
Ather Energy,2016.0,27000000.0,1
Ather Energy,2019.0,51000000.0,1
Athletto,2016.0,0.0,0
Atlan,2019.0,2500000.0,1
Atomberg,2016.0,1000000.0,1
Atomberg Technology,2019.0,10000000.0,1
Attune Technologies,2015.0,10000000.0,1
Augrav,2016.0,450000.0,1
AutoGrid,2018.0,32000000.0,1
AutoSense,2016.0,0.0,0
Autobix,2017.0,0.0,0
Automation Anywhere,2018.0,300000000.0,1
Autorox.co,2017.0,3000000.0,1
Avagmah,2016.0,0.0,0
Avail Finance,2019.0,9000000.0,1
AvailFinance,2018.0,17200000.0,1
Avanti Learning,2015.0,1500000.0,1
Avanti Learning,2016.0,5000000.0,1
Avenue Growth,2018.0,437000.0,1
Avishkaar Box,2018.0,772500.0,1
Awaaz De,2015.0,0.0,0
Awaaz De,2018.0,0.0,0
Awesummly,2016.0,147000.0,1
Awfis,2017.0,20000000.0,1
Awign,2017.0,0.0,0
Axio,2018.0,7400000.0,1
Axtria,2015.0,30000000.0,1
Aye Finance,2015.0,3000000.0,1
Aye Finance,2017.0,8000000.0,1
Aye Finance,2018.0,6240000.0,1
Aye Finance,2019.0,17411265.0,1
AyeFinance,2018.0,29900000.0,3
Azah,2019.0,200000.0,1
Azuro,2016.0,0.0,0
B9 Beverages,2016.0,6000000.0,1
BHIVE,2016.0,0.0,0
BHIVE Workspace,2017.0,1200000.0,1
BRIDGEi2I,2016.0,0.0,0
BYG,2016.0,0.0,0
BYJU's,2016.0,15000000.0,1
BYJU'S,2020.0,200000000.0,1
Babajobs,2015.0,10000000.0,1
Baby Berry,2016.0,1000000.0,1
BabyChakra,2016.0,0.0,0
Babychakra,2015.0,0.0,0
Babygogo,2016.0,300000.0,1
BabyonBoard,2017.0,0.0,0
Badiyajobs,2016.0,100000.0,1
BaggOut,2016.0,0.0,0
Balance App,2017.0,233000.0,1
Banihal,2015.0,0.0,0
Bank Bazaar,2017.0,7000000.0,1
BankBazaar,2015.0,60000000.0,1
BankerBay,2016.0,2000000.0,1
Bats on delivery,2016.0,90000.0,1
Baxi,2015.0,1450000.0,1
Be U Salons,2017.0,620000.0,1
BeaconsTalk,2015.0,80000.0,1
BeaconsTalk,2016.0,100000.0,1
Beardo,2016.0,500000.0,1
BeatRoute,2016.0,0.0,0
BedBathMore,2016.0,0.0,0
Belita,2015.0,400000.0,1
Belong,2017.0,10000000.0,1
Benepik,2018.0,0.0,0
Bestdealfinance,2015.0,3000000.0,1
BetaOut,2017.0,0.0,0
Betaout,2016.0,1500000.0,1
Better Mortgage,2017.0,15000000.0,1
BetterButter.in,2015.0,0.0,0
BetterPlace,2016.0,970000.0,1
Betterplace,2016.0,0.0,0
Bevy,2015.0,0.0,0
Bewakoof,2015.0,0.0,0
Beyond Evolution,2016.0,0.0,0
Bharat Bazaar,2016.0,0.0,0
BharatPe,2019.0,75000000.0,1
BhiveWorkspace,2016.0,1000000.0,1
BiBox,2015.0,530000.0,1
Bidgely,2015.0,16600000.0,1
Big Basket,2017.0,5000000.0,1
Big Fish Ventures,2016.0,11100000.0,1
BigBasket,2015.0,50000000.0,1
BigBasket,2016.0,150000000.0,1
BigBasket,2017.0,7000000.0,1
BigBasket,2018.0,300000000.0,1
BigStylist,2016.0,900000.0,1
BigStylist,2017.0,1250000.0,1
BigStylist.com,2015.0,1000000.0,1
Bikxie,2016.0,0.0,0
BillDesk,2015.0,75000000.0,1
Billion Loans,2017.0,1000000.0,1
Bira91,2019.0,15600000.0,2
Biryani Blues,2016.0,368000.0,1
Biryani By Kilo,2017.0,375000.0,1
Biryani By Kilo,2018.0,1000000.0,1
BitGiving,2016.0,0.0,0
Bite Club,2015.0,500000.0,1
Biteclub,2015.0,0.0,0
Bitla Software,2018.0,0.0,0
Biz2Credit,2019.0,52000000.0,1
Bizom,2017.0,382000.0,1
Bizongo,2015.0,0.0,0
Bizongo,2016.0,3000000.0,1
Bizongo,2018.0,22000000.0,1
Black Soil,2018.0,17000000.0,1
Black White Orange,2015.0,303000.0,1
Black White Orange Brands,2015.0,0.0,0
BlackBuck,2015.0,25000000.0,1
BlackBuck,2017.0,7700000.0,1
BlackBuck,2019.0,150000000.0,1
Blackbuck,2017.0,70000000.0,1
Blackbuck,2018.0,15680000.0,2
Blinge,2016.0,0.0,0
BlogBeats,2016.0,0.0,0
Blood n Care,2017.0,40000.0,1
Blowhorn,2017.0,3650000.0,1
Blubox,2015.0,100000.0,1
Blue Box Media,2016.0,0.0,0
Blue Tokai Coffee,2016.0,0.0,0
BlueStone,2016.0,30000000.0,1
Bluebirch,2015.0,2000000.0,1
Bluegape,2015.0,200000.0,1
Bluegape.com,2015.0,600000.0,1
Board Infinity,2019.0,319605.0,1
Bobble,2015.0,0.0,0
BoiBanit,2016.0,0.0,0
BolRealty,2015.0,0.0,0
Bollant Industries,2016.0,0.0,0
Bolo App,2019.0,430200.0,1
Bombay Shaving Company,2016.0,600000.0,1
Bombay Shaving Company,2017.0,2300000.0,1
Bombay Shirt Company,2016.0,1000000.0,1
Bona Vita,2015.0,5000000.0,1
Bonhomia,2015.0,2000000.0,1
Bonhomia,2016.0,1000000.0,1
Bonphulapl,2018.0,293000.0,1
Book My Diamond,2017.0,0.0,0
Book My Show,2018.0,100000000.0,1
Book Servicing,2017.0,30000.0,1
BookEventz,2015.0,0.0,0
BookEventz,2016.0,0.0,0
BookMeIn,2015.0,400000.0,1
BookMyBai,2015.0,150000.0,1
BookMyShow,2016.0,82000000.0,1
Bottr.me,2017.0,0.0,0
Bounty App,2015.0,0.0,0
Box My Space,2017.0,0.0,0
Box8,2015.0,3500000.0,1
Box8,2016.0,7500000.0,1
Box8,2017.0,1000000.0,1
Boxmyspace,2015.0,300000.0,1
Boxx.ai,2017.0,500000.0,1
Brick2Wall,2017.0,200000.0,1
Brigge,2015.0,0.0,0
Briston Technomach,2015.0,150000.0,1
Bro4U,2015.0,0.0,0
BroEx,2015.0,1000000.0,1
Broomberg,2016.0,0.0,0
Browntape,2016.0,0.0,0
BrowserStack,2018.0,50000000.0,1
Bucker,2016.0,0.0,0
Buddy,2016.0,500000.0,1
Buddy4studdy,2018.0,3000000.0,1
Bueno,2015.0,600000.0,1
BuildSupply,2018.0,3500000.0,1
BuildTraders,2016.0,200000.0,1
Buildkar,2016.0,0.0,0
Buildzar,2016.0,4000000.0,1
Bumper,2015.0,500000.0,1
Burger Singh,2015.0,500000.0,1
Burger Singh,2019.0,0.0,0
Buttercups,2015.0,0.0,0
Buttercups,2016.0,0.0,0
Butterfly Interactive,2015.0,0.0,0
BuyHatke,2015.0,1000000.0,1
Byju's,2016.0,125000000.0,2
Byju's,2017.0,35000000.0,1
CAKART.in,2015.0,0.0,0
CBREX,2015.0,200000.0,1
CBS,2015.0,16000.0,1
CCAvenue,2017.0,22400000.0,1
CCavenue,2016.0,8900000.0,1
CREO,2016.0,3000000.0,1
CRON Systems,2017.0,0.0,0
CaRPM,2015.0,100000.0,1
Cabsguru,2015.0,200000.0,1
Call Health,2017.0,6200000.0,1
Campus Diaries,2016.0,220000.0,1
CanvasFlip,2015.0,1200000.0,1
Canvera,2015.0,2200000.0,1
Canvera,2016.0,3000000.0,1
Canvera,2017.0,1300000.0,1
Canvs,2016.0,0.0,0
Capabiliti,2015.0,400000.0,1
Capillary,2018.0,20000000.0,1
Capillary Tech,2015.0,45000000.0,1
Capita World,2017.0,0.0,0
Capital Float,2015.0,13000000.0,1
Capital Float,2016.0,25000000.0,1
Capital Float,2017.0,4800000.0,2
Capital Float,2018.0,22000000.0,1
Capricoast,2015.0,4750000.0,2
Capzest,2016.0,200000.0,1
CarDekho,2015.0,0.0,0
CarDekho,2019.0,200000000.0,3
CarDekho.com,2015.0,50000000.0,1
CarTrade,2016.0,145000000.0,1
CarTrade.com,2015.0,0.0,0
Caratlane.com,2015.0,31000000.0,1
Caravan Craft,2015.0,1200000.0,1
Caravan Craft Retail,2015.0,500000.0,1
Carcrew.in,2016.0,500000.0,1
Care24,2015.0,350000.0,1
Care24,2016.0,4000000.0,1
Career Anna,2018.0,572000.0,1
Career360,2016.0,0.0,0
CareonGO,2016.0,0.0,0
Careongo,2016.0,300000.0,1
Carl's Jr,2015.0,630000.0,1
Cars24,2018.0,49700000.0,1
Cars24,2019.0,11000000.0,1
Cartisan,2015.0,0.0,0
Cartrade,2017.0,55000000.0,1
CarveNiche,2016.0,0.0,0
Casa2inns,2015.0,5000000.0,1
Cash Suvidha,2017.0,2700000.0,1
Cash Suvidha,2018.0,1000000.0,1
CashFree,2017.0,120000.0,1
Cashe,2017.0,6900000.0,2
Cashflo,2019.0,3300000.0,1
Cashify,2018.0,935089.0,1
Cashkaro,2016.0,0.0,0
Cashkaro.com,2015.0,3700000.0,1
Cashkumar,2018.0,735000.0,1
Celerix,2016.0,400000.0,1
Celes Care,2016.0,1000000.0,1
Celes Care,2017.0,1500000.0,1
Cerebroz,2017.0,734000.0,1
Chaayos,2015.0,1000000.0,1
Chaayos,2017.0,2000000.0,1
Chai Point,2017.0,0.0,0
Chai Thela,2016.0,218000.0,1
ChaiPoint,2015.0,10000000.0,1
Chakr Innovation,2019.0,26000000.0,1
Changer Mints,2015.0,165000.0,1
ChargeBee,2015.0,5000000.0,1
Chargebee,2018.0,18000000.0,1
Chargein,2015.0,100000.0,1
ChatOnGo,2016.0,300000.0,1
CheersOye!,2016.0,500000.0,1
Chefs Basket,2015.0,6000000.0,1
Chevon,2017.0,0.0,0
Chikoop,2016.0,0.0,0
Chillr,2015.0,76000000.0,2
ChipperSage,2017.0,0.0,0
Chloroplast Foods,2015.0,16600.0,1
ChqBook,2017.0,0.0,0
Chrysalis,2018.0,0.0,0
Chumbak,2017.0,14700000.0,2
Chymera VR,2017.0,0.0,0
CimplyFive,2015.0,0.0,0
Citrus Payment,2015.0,25000000.0,1
CityFlo,2015.0,750000.0,1
CityFurnish,2015.0,0.0,0
CityFurnish,2016.0,0.0,0
CityShor,2016.0,0.0,0
Civilsdaily,2016.0,0.0,0
Clapsnslaps,2015.0,150000.0,1
CleanseCar,2018.0,500000.0,1
ClearTax,2016.0,1300000.0,1
Cleartax,2015.0,0.0,0
Cleartax,2016.0,14000000.0,2
Cleartrip,2016.0,0.0,0
CleverSharks,2015.0,16600.0,1
CleverTap,2018.0,0.0,0
CleverTap,2019.0,26000000.0,1
Click2Clinic,2017.0,850000.0,1
Clip App,2017.0,1000000.0,1
Clodura,2017.0,0.0,0
Clonect Solutions,2015.0,250000.0,1
Cloud Lending,2015.0,8000000.0,1
Cloudacar,2016.0,0.0,0
Cloudcherry Analytics,2015.0,1000000.0,1
Cloudrino,2017.0,22500.0,1
Clovia,2015.0,5000000.0,1
Clovia,2017.0,4000000.0,1
Clumio,2019.0,135000000.0,1
Co Life,2016.0,1000000.0,1
Codemojo,2016.0,0.0,0
CodingLabs,2016.0,0.0,0
CoinTribe,2018.0,10000000.0,1
CollPoll,2017.0,306000.0,1
CollateBox,2015.0,180000.0,1
Collateral Medical,2017.0,3500000.0,1
Collectabillia,2015.0,7500000.0,1
CollegeDekho,2015.0,1000000.0,1
CollegeDekho,2016.0,2000000.0,1
CollegeDekho,2018.0,2000000.0,1
CollegeDunia,2016.0,445000.0,1
Comarete,2016.0,200000.0,1
Commeasure,2015.0,1000000.0,1
Commonfloor,2015.0,5000000.0,1
Commut,2016.0,200000.0,1
ConfirmTKT,2016.0,250000.0,1
ConfirmtTkt,2015.0,0.0,0
Connaizen,2017.0,0.0,0
Connect India,2015.0,5000000.0,1
Connect India,2016.0,1000000.0,1
ConnectAbank,2015.0,0.0,0
Consure Medical,2016.0,0.0,0
Convegenius,2015.0,300000.0,1
Convegenius,2016.0,900000.0,1
Cooey,2015.0,470000.0,1
Cookaroo,2016.0,0.0,0
Cookifi,2016.0,0.0,0
Coolshare,2015.0,100000.0,1
Coppre,2016.0,0.0,0
Corseco,2016.0,150000.0,1
CouponRaja,2015.0,500000.0,1
CoutLoot,2017.0,0.0,0
Coutloot,2016.0,0.0,0
CoveIoT,2017.0,5000000.0,1
CoverFox,2017.0,15000000.0,1
Coverfox,2015.0,14000000.0,2
Coverfox,2018.0,29600000.0,2
CraftsVilla,2015.0,34000000.0,1
Craftstvilla,2015.0,18000000.0,1
Craftsvilla,2019.0,2443495.0,1
Crayon Data,2015.0,0.0,0
Crayon Data,2017.0,0.0,0
Creator's Gurukul,2017.0,0.0,0
CredR,2015.0,30000000.0,2
CrediHealth,2017.0,1500000.0,1
Credifiable,2017.0,0.0,0
Credihealth,2015.0,0.0,0
Credit Mate,2017.0,0.0,0
Credit Sudhaar,2017.0,0.0,0
Credit Vidya,2017.0,5000000.0,1
CreditMantri,2015.0,2500000.0,1
CreditMantri,2017.0,7600000.0,1
CreditMate,2016.0,500000.0,1
CreditSeva,2016.0,360000.0,1
CreditVidya,2016.0,1000000.0,1
Credright,2018.0,1300000.0,1
Credy,2018.0,1400000.0,1
CroFarm,2017.0,783000.0,1
Crofarm,2016.0,1500000.0,1
CropIn,2016.0,2000000.0,1
Cropin,2017.0,0.0,0
Crossahead,2016.0,0.0,0
Crowdera,2018.0,0.0,0
Crowdfire (formerly Justunfollow),2015.0,2500000.0,1
Crown-it,2015.0,5500000.0,1
CrownIt,2016.0,0.0,0
Crownit,2016.0,0.0,0
Cube Consumer Services,2017.0,0.0,0
Cube26,2015.0,7700000.0,1
Cuberoot,2016.0,500000.0,1
Cubito,2015.0,160000.0,1
CueMath,2016.0,4000000.0,1
CueMath,2017.0,15000000.0,1
Cuelearn,2015.0,0.0,0
Cult,2016.0,3000000.0,1
Cult Fitness,2016.0,0.0,0
Culture Machine,2015.0,18000000.0,1
CultureAlley,2015.0,6500000.0,1
Cupick,2015.0,120000.0,1
CupoNation,2016.0,11000000.0,1
Curatio,2017.0,0.0,0
Cure Fit,2018.0,120000000.0,1
CureFit,2017.0,28200000.0,2
CureFit,2018.0,10000000.0,1
CureInstant,2016.0,150000.0,1
CureJoy,2015.0,1150000.0,1
CureJoy,2016.0,4400000.0,1
Curefit,2016.0,15000000.0,1
Curie Labs,2017.0,50000.0,1
Curiositi,2017.0,800000.0,1
Curofy,2015.0,0.0,0
Curofy,2017.0,250000.0,1
CustomFurnish.com,2015.0,2500000.0,1
Customer360,2015.0,0.0,0
CustomerSucessBox,2018.0,1000000.0,1
Customfurnish,2015.0,4500000.0,1
Cyclops,2016.0,100000.0,1
CyclopsMedtech,2016.0,0.0,0
Cygnus Hospitals,2017.0,750000.0,1
DAAKI,2018.0,0.0,0
Daalchini Technologies,2019.0,500000.0,1
Daily Ninja,2016.0,0.0,0
Daily Ninja,2018.0,3000000.0,1
Daily Rounds,2015.0,500000.0,1
Daily hunt,2018.0,6390000.0,1
DailyHunt,2016.0,25000000.0,1
DailyNinja,2015.0,0.0,0
DailyObjects,2016.0,1400000.0,1
DailyRounds,2016.0,0.0,0
DarwinBox,2016.0,0.0,0
DarwinBox,2017.0,4000000.0,1
Data Resolve,2017.0,1000000.0,1
DataWeave,2017.0,0.0,0
DawaiLelo,2016.0,52000.0,1
DayBox,2016.0,104000.0,1
Dazo,2015.0,0.0,0
Deal 4Loans,2016.0,0.0,0
Deal Street Asia,2015.0,0.0,0
Deal4Loans / Wishfin,2016.0,15000000.0,1
Dealwithus,2015.0,16600.0,1
Dekkho,2016.0,1200000.0,1
Delhivery,2015.0,85000000.0,1
Delhivery,2017.0,130000000.0,2
Delight Foods,2015.0,600000.0,1
Demyto,2016.0,0.0,0
Derbii,2016.0,0.0,0
Design Cafe,2017.0,0.0,0
DesignBids,2016.0,0.0,0
Devourin,2017.0,0.0,0
Deyor Camps,2016.0,500000.0,1
Deyor Rooms,2015.0,500000.0,1
Dhruva,2017.0,80000000.0,1
Dhruva Space,2019.0,50000000.0,1
DiabetOmics,2015.0,5000000.0,1
Didi,2015.0,150000.0,1
Digiconectt,2018.0,125000.0,1
Digilend,2017.0,312000.0,1
Digio,2016.0,375000.0,1
Digit,2017.0,0.0,0
Digit,2018.0,45000000.0,1
Digital F5,2019.0,6000000.0,1
Digital Gorkha,2015.0,166000.0,1
Digital Mall Asia,2019.0,220000000.0,1
Dil Mil,2016.0,2700000.0,1
Dipper,2016.0,0.0,0
Direct Create,2017.0,0.0,0
Diro Labs,2016.0,597000.0,2
DishCo,2015.0,0.0,0
Disprz,2018.0,2500000.0,1
Djubo.com,2015.0,0.0,0
DoSelect,2016.0,0.0,0
DocPlexus,2015.0,700000.0,1
DocTalk,2017.0,5000000.0,1
DocsApp,2016.0,1200000.0,1
DocsApp,2017.0,7200000.0,1
Doctor Insta,2015.0,500000.0,1
Doctor Insta,2016.0,2000000.0,1
DoctorInsta,2016.0,1000000.0,1
DogSpot,2016.0,0.0,0
Don't Scratch Your Head,2016.0,250000.0,1
DoneThing,2017.0,300000.0,1
DoodhWala,2017.0,0.0,0
Doormint,2015.0,3000000.0,1
Doxper,2017.0,750000.0,1
Doxper,2018.0,1900000.0,1
Dream Wallets,2016.0,0.0,0
Dream11,2018.0,100000000.0,1
Drip capital,2018.0,15000000.0,1
DriveSkool,2017.0,0.0,0
DriveU,2016.0,0.0,0
DriveU,2018.0,4000000.0,2
DriversCart,2016.0,450000.0,1
Drivestream,2015.0,5000000.0,1
Drivezy,2017.0,10000000.0,1
Drivify,2016.0,50000.0,1
DrivoJoy,2016.0,600000.0,1
Droom,2016.0,0.0,0
Droom,2017.0,20000000.0,1
Droom,2018.0,3000000.0,1
Droom.in,2015.0,16000000.0,1
DropKaffe,2015.0,300000.0,1
Dropkaffe,2016.0,550000.0,1
Drums Food,2016.0,0.0,0
Druva,2016.0,51000000.0,1
Duffl,2016.0,0.0,0
Dunzo,2017.0,12300000.0,1
Dunzo,2019.0,45000000.0,1
EPS,2016.0,35000000.0,1
EPayLater,2016.0,2000000.0,1
ERA,2017.0,39000.0,1
Early Salary,2017.0,4780000.0,2
EarlySalary,2018.0,15700000.0,1
EarlySalary.com,2015.0,1500000.0,1
Earth Food,2018.0,949000.0,1
Easy Diner,2017.0,4500000.0,1
EasyEcom,2017.0,150000.0,1
EasyFix,2015.0,0.0,0
EasyGov,2017.0,0.0,0
EasyKhaana,2015.0,100000.0,1
EasyPolicy,2016.0,10000000.0,1
EasyRewardz,2015.0,500000.0,1
EasyRoads,2016.0,200000.0,1
Easypolicy,2016.0,2200000.0,1
Eat.Shop.Love,2015.0,3500000.0,1
Eatfresh,2015.0,0.0,0
Eatlo,2015.0,0.0,0
Eatonomist,2016.0,0.0,0
Eattreatonline,2015.0,350000.0,1
Eazy Coach,2015.0,0.0,0
EazyDiner,2015.0,3000000.0,1
EazyDiner,2017.0,0.0,0
EazyDiner,2018.0,5850000.0,1
Eckovation,2015.0,0.0,0
Ecolibriumenergy,2017.0,2600000.0,1
Ecom Express,2015.0,137000000.0,1
Ecom Express,2017.0,30000000.0,1
Ecozen,2019.0,6000000.0,1
EdTechReview,2016.0,0.0,0
Edelweiss,2017.0,270000000.0,1
EdgeFx,2017.0,0.0,0
Edu4Share,2015.0,220000.0,1
EduAce Services,2016.0,1000000.0,1
EduBridge,2016.0,2500000.0,1
EduKart,2015.0,1000000.0,1
EduPristine,2016.0,10000000.0,1
EduRev,2016.0,0.0,0
Edureka,2018.0,2000000.0,1
Edurev,2017.0,40000.0,1
Edyoo,2018.0,735000.0,1
Elanic,2015.0,0.0,0
Elanic,2017.0,0.0,0
ElastiRun,2017.0,7000000.0,1
ElasticRun,2016.0,2000000.0,1
ElderAid Wellness,2017.0,0.0,0
Elemential,2018.0,0.0,0
Elucidata,2018.0,1700000.0,1
Emflux Motors,2017.0,0.0,0
Emiza,2017.0,4500000.0,1
Emojifi,2017.0,0.0,0
Enabli,2015.0,16000.0,1
Enakshi,2018.0,114811.0,1
Endless Robotics,2016.0,100000.0,1
Engineer.ai,2018.0,29500000.0,1
EngineerBabu,2016.0,0.0,0
Englishleap.com,2015.0,0.0,0
Entropik,2018.0,1100000.0,1
Entropika,2016.0,200000.0,1
Entropy Innovations,2015.0,0.0,0
Envoged,2015.0,0.0,0
Epiq Capital,2017.0,200000000.0,1
Eruditus,2017.0,8200000.0,1
Ethinos,2017.0,0.0,0
Ethosh,2017.0,0.0,0
EureQa,2015.0,600000.0,1
EvenGini,2016.0,0.0,0
EveningFlavors,2015.0,500000.0,1
Events High,2016.0,0.0,0
Events High,2018.0,0.0,0
Explara,2015.0,490000.0,1
Explore Life traveling,2017.0,500000.0,1
ExtraCarbon,2016.0,225000.0,1
ExtraaEdge,2016.0,0.0,0
Eywa Media,2015.0,1000000.0,1
EzCred,2017.0,1000000.0,1
Ezetap,2015.0,25000000.0,1
Ezetap,2017.0,16000000.0,1
EzySolare,2015.0,0.0,0
Ezyhaul,2019.0,16000000.0,1
Ezytruk,2017.0,147000.0,1
FPL Technologies,2019.0,4500000.0,1
FR8,2016.0,971000.0,1
FR8,2017.0,1500000.0,1
FTCash,2016.0,150000.0,1
FXMartIndia,2015.0,0.0,0
FYNE,2015.0,0.0,0
FYRE,2017.0,500000.0,1
Faaso's,2015.0,20000000.0,1
Faasos,2015.0,30000000.0,1
Faasos,2017.0,6300000.0,1
Faaya,2015.0,16600.0,1
Fab Hotels,2017.0,25000000.0,1
FabAlley,2016.0,2000000.0,1
FabHotels,2016.0,8000000.0,1
FabHotels,2019.0,4889975.54,1
FabX,2017.0,68000.0,1
FableStreet,2017.0,0.0,0
Fabogo,2017.0,2250000.0,1
Fabulyst,2017.0,215000.0,1
Faircent,2015.0,0.0,0
Faircent,2016.0,0.0,0
Faircent.com,2015.0,250000.0,1
Faircent.com,2016.0,1500000.0,1
FalconBrick,2017.0,0.0,0
FarEye,2016.0,3500000.0,1
FarMart,2017.0,0.0,0
Farm Taaza,2017.0,8000000.0,1
FarmLink,2017.0,3000000.0,1
Farmizen,2017.0,0.0,0
Fashalot,2016.0,0.0,0
Fashalot,2017.0,0.0,0
Fashionablyin,2016.0,0.0,0
Fashionove,2015.0,0.0,0
Fashor,2020.0,1800000.0,1
FastFox,2017.0,4600000.0,1
Fastudent,2015.0,0.0,0
Fastudent,2016.0,0.0,0
FeetApart,2016.0,0.0,0
FiTraQ,2017.0,0.0,0
Fieldassist,2017.0,0.0,0
Finance Buddha,2016.0,0.0,0
Fincash,2017.0,100000.0,1
Fincash,2018.0,150000.0,1
Find My Stay,2016.0,0.0,0
FindUrClass,2016.0,0.0,0
FindYahan,2015.0,0.0,0
FindmeaShoe,2016.0,0.0,0
Findow,2016.0,0.0,0
Findyahan,2015.0,0.0,0
Fingerlix,2017.0,10000000.0,2
Fingerlix,2018.0,1310000.0,1
Finomena,2016.0,0.0,0
Finova Capital,2018.0,6000000.0,1
Fintellix,2015.0,15000000.0,1
Fintobox,2017.0,7000000.0,1
Finzy,2018.0,2300000.0,2
First Eat,2016.0,100000.0,1
First Moms Club,2016.0,0.0,0
FirstCry,2015.0,26000000.0,1
FirstCry,2016.0,0.0,0
FirstCry.com,2015.0,10000000.0,1
FirstTouch,2015.0,0.0,0
Fisdom,2016.0,1600000.0,2
Fisdom,2017.0,3000000.0,1
FitMeIn,2015.0,100000.0,1
Fitcircle,2015.0,0.0,0
Fitmein,2016.0,0.0,0
Fitnapp,2017.0,0.0,0
Fitpass,2016.0,1000000.0,1
Fitpass,2017.0,1000000.0,1
Fitraq.com,2015.0,150000.0,1
Fitso,2016.0,200000.0,1
Fitso,2017.0,200000.0,1
Fitternity,2015.0,1000000.0,1
Fitternity,2016.0,0.0,0
Fitternity,2018.0,2000000.0,1
Five Star Group,2018.0,100000000.0,1
FixNix,2016.0,500000.0,1
Fixy,2015.0,0.0,0
Flashdoor,2015.0,0.0,0
FlatFurnish,2016.0,0.0,0
Flatchat,2015.0,2500000.0,1
Flatpebble,2015.0,600000.0,1
FleetRover,2015.0,180000.0,1
FleetX,2019.0,0.0,0
Flexiloans,2016.0,15000000.0,1
Flexing It,2015.0,500000.0,1
FlickBay,2016.0,890000.0,1
Flickstree,2017.0,464000.0,1
FlipClass,2016.0,1000000.0,1
Flipkart,2015.0,50000000.0,1
Flipkart,2017.0,4009700000.0,4
Flipkart.com,2015.0,700000000.0,1
Flixy Games,2016.0,425000.0,1
Flocareer,2016.0,150000.0,1
Flochat,2017.0,0.0,0
Flutura,2017.0,7500000.0,1
Flyrobe,2016.0,7000000.0,2
Flytxt,2015.0,11000000.0,1
Flytxt,2017.0,11000000.0,1
Focus Digit,2015.0,0.0,0
FoodAbhi,2015.0,0.0,0
FoodTalkIndia,2015.0,500000.0,1
Foodmemories,2018.0,0.0,0
Foodpanda,2015.0,210000000.0,2
ForeverShop,2017.0,300000.0,1
Formcept,2017.0,0.0,0
Fourseven,2015.0,455000.0,1
Fourth Ambit,2017.0,600000.0,1
Fourth Partner Energy,2015.0,2000000.0,1
Foyr.com,2017.0,3800000.0,1
Fracktal Works,2015.0,3000000.0,1
Fracktal Works,2017.0,0.0,0
Fractal Analytics,2016.0,100000000.0,1
Frankly,2015.0,600000.0,1
Frapperz,2017.0,100000.0,1
FreeCharge,2015.0,80000000.0,1
FreeCharge,2017.0,57000000.0,1
Freedom Smart Labs,2016.0,145000.0,1
Fresh Food Concepts,2016.0,2000000.0,1
FreshBoxx,2017.0,0.0,0
FreshDesk,2016.0,55000000.0,1
FreshMenu,2016.0,33500000.0,2
FreshVnF,2019.0,140000000.0,1
FreshWorld,2015.0,0.0,0
Freshboxx,2016.0,0.0,0
Freshdesk,2015.0,50000000.0,1
Freshee,2016.0,0.0,0
Freshmonk,2015.0,0.0,0
Freshworks,2019.0,150000000.0,1
Front Desk AI,2018.0,1100000.0,1
FroyoFit,2016.0,0.0,0
Frsh,2015.0,1000000.0,1
Frsh.co.in,2015.0,518000.0,1
Ftcash,2017.0,0.0,0
Fulfil.IO,2016.0,0.0,0
FunOnGo,2016.0,0.0,0
Funcart,2016.0,70000.0,1
Funcastic,2016.0,0.0,0
Fundamentor,2016.0,0.0,0
FundsIndia.com,2015.0,11000000.0,1
Furdo,2015.0,400000.0,1
Furlenco,2015.0,6000000.0,1
Furlenco,2016.0,35000000.0,2
Furlenco,2017.0,1200000.0,1
Furtados School of Music,2019.0,200000000.0,1
Fusion Microfinance,2015.0,8600000.0,1
Fxkart.com,2015.0,2000000.0,1
Fyle,2017.0,400000.0,1
Fyle Technologies,2018.0,1100000.0,1
Fynd,2017.0,3400000.0,3
Fynd,2018.0,0.0,0
GIBBS,2015.0,0.0,0
GIBSS,2015.0,0.0,0
GOQii,2016.0,0.0,0
GOQii,2019.0,450000000.0,1
Gaana,2018.0,115000000.0,1
Gaana.com,2015.0,0.0,0
Gadgets 360,2015.0,0.0,0
Gadgetwood,2015.0,200000.0,1
Gadgetwood,2016.0,6000000.0,1
Gajty,2016.0,0.0,0
Galleri5,2016.0,0.0,0
GameXS.in,2015.0,0.0,0
GameZop,2016.0,350000.0,1
Gameezop,2016.0,0.0,0
Gaming Monk,2017.0,0.0,0
Gamooz,2016.0,22500.0,1
Gapoon,2016.0,180000.0,1
Gapoon,2017.0,250000.0,1
Garage On Road,2017.0,0.0,0
GenNext Students,2017.0,580000.0,1
Genextstudents,2016.0,209000.0,1
Genie,2017.0,250000.0,1
Genius Corner,2018.0,278000.0,1
Get My Parking,2016.0,376000.0,1
Get My Parking,2017.0,4100000.0,2
Get Simpl,2017.0,0.0,0
GetFocus,2015.0,0.0,0
GetMyPeon,2015.0,250000.0,1
GetVee,2016.0,0.0,0
Giftxoxo,2016.0,450000.0,1
GigIndia,2018.0,0.0,0
Gingercrush,2015.0,1000000.0,1
Gingercrush,2016.0,1000000.0,1
Girnar Software,2016.0,0.0,0
Glam Studios,2016.0,300000.0,1
GlamStudios,2016.0,0.0,0
Glamrs,2015.0,1000000.0,1
Glassic,2018.0,0.0,0
GlowRoad,2019.0,11500000.0,1
Glowroad,2017.0,2000000.0,1
Glowship,2015.0,0.0,0
GoBumpr,2017.0,300000.0,1
GoChoppers,2017.0,0.0,0
GoComet,2016.0,0.0,0
GoDesi,2018.0,138995.0,1
GoFro,2017.0,10000000.0,1
GoFynd,2017.0,0.0,0
GoGo Truck,2016.0,75000.0,1
GoJavas,2015.0,20000000.0,1
GoMechanic,2016.0,250000.0,1
GoPigeon,2016.0,1500000.0,1
GoQii,2015.0,13400000.0,1
GoYaNo,2016.0,50000.0,1
GoZefo,2016.0,1050000.0,1
Goalwise,2016.0,1000000.0,1
Gobolt,2016.0,0.0,0
Godof Hospitals,2015.0,2000000.0,1
GoldFarm,2017.0,2000000.0,1
GolfLAN,2015.0,0.0,0
GolfLAN,2016.0,1000000.0,1
Gomalon,2016.0,100000.0,1
Good Methods Global,2017.0,0.0,0
Goodbox,2015.0,2700000.0,2
Goodbox,2017.0,1000000.0,1
Goodera,2017.0,5500000.0,1
Goodservice,2015.0,1600000.0,1
Goomo,2017.0,50000000.0,1
Goqii,2015.0,0.0,0
Gozoomo,2015.0,5000000.0,1
Grab,2015.0,1000000.0,1
Grab.in,2016.0,2000000.0,1
GrabOnRent,2016.0,0.0,0
Grabhouse,2015.0,10000000.0,1
Grabhouse.com,2015.0,2500000.0,1
Gradopedia,2016.0,0.0,0
GramCover,2016.0,1000000.0,1
Gramophone,2018.0,1000000.0,1
GrandOpinion,2015.0,150000.0,1
Graphene,2015.0,825000.0,1
Graphic India,2015.0,2800000.0,1
Gray Routes,2016.0,0.0,0
Greenlight Planet,2017.0,60000000.0,1
Grex,2015.0,650000.0,1
Grey Campus,2016.0,1000000.0,1
Grey Orange,2015.0,30000000.0,1
GreyAtom,2018.0,1000000.0,1
GreytHR,2016.0,5200000.0,1
Gridle,2015.0,100000.0,1
Grofers,2015.0,165000000.0,3
Grofers,2018.0,62000000.0,1
Grofers,2019.0,70000000.0,1
Groupon India,2015.0,20000000.0,1
Grover Zampa,2018.0,8200000.0,1
Grow Fit,2017.0,4500000.0,1
GrowFitter,2017.0,600000.0,1
Groww,2018.0,1100000.0,1
Guarented,2016.0,500000.0,1
Guiddoo,2015.0,0.0,0
Guiddoo,2018.0,800000.0,1
Guidoo,2017.0,300000.0,1
GuruG Learning,2015.0,0.0,0
Gurukul,2017.0,0.0,0
Gyaanzone,2016.0,45000.0,1
GyanDhan,2016.0,0.0,0
GyanDhan,2017.0,0.0,0
GymTrekker,2015.0,0.0,0
Gympik,2015.0,135000.0,1
Gympik,2016.0,0.0,0
Gympik.com,2017.0,0.0,0
HEAL Institute,2016.0,0.0,0
HUG Innovations,2017.0,5000000.0,1
HWell24,2018.0,200000.0,1
HWell24 Plus,2017.0,0.0,0
HackerEarth,2017.0,4500000.0,1
HackerRank,2015.0,7500000.0,1
HalaPlay,2017.0,0.0,0
HandyTrain,2016.0,1000000.0,1
HandyTrain,2017.0,1000000.0,1
Hansa Customer Equity,2015.0,5000000.0,1
Hansel io,2018.0,4000000.0,1
Hansel.io,2016.0,0.0,0
Hansel.io,2017.0,1350000.0,1
Happily Unmarried,2017.0,0.0,0
HappilyUnmarried,2016.0,740000.0,1
Happitoo,2015.0,77000.0,1
Happy EMI,2018.0,1000000.0,1
Happy2Refer,2016.0,250000.0,1
HappyGoEasy,2018.0,0.0,0
Happydemic,2016.0,0.0,0
Haptik,2016.0,0.0,0
Haqdarshak,2017.0,191000.0,1
Harness Handitouch,2015.0,0.0,0
HashLearn,2016.0,0.0,0
HashTaag,2016.0,1000000.0,1
Hasura,2017.0,0.0,0
HeadOut,2015.0,1800000.0,1
Heads Up For Tails,2016.0,1000000.0,1
Heads Up For Tails,2017.0,2000000.0,1
Healers At Home,2015.0,0.0,0
HealthAssure,2019.0,2500000.0,1
HealthCare,2018.0,1000000.0,1
HealthEminds,2016.0,0.0,0
HealthEnablr,2016.0,800000.0,1
HealthFin,2018.0,0.0,0
HealthIntel,2017.0,0.0,0
HealthKart,2016.0,12000000.0,1
HealthKumbh,2016.0,73000.0,1
HealthMir,2017.0,0.0,0
HealthSutra,2017.0,0.0,0
Healthbuds,2017.0,0.0,0
Healthcare at Home,2017.0,40000000.0,1
Healthi,2018.0,3100000.0,1
Healthians,2016.0,3000000.0,1
Healthians,2017.0,0.0,0
Healthians,2019.0,24000000.0,2
Healthians.com,2015.0,0.0,0
HealthifyMe,2015.0,0.0,0
HealthifyMe,2016.0,6000000.0,1
HealthifyMe,2018.0,6000000.0,1
Healthifyme,2016.0,1000000.0,1
Healthsignz,2018.0,5000000.0,1
HealthyWorld.in,2015.0,400000.0,2
Heckyl,2017.0,2700000.0,1
Hello Curry,2016.0,1500000.0,1
Hello Tax,2016.0,295000.0,1
HelpChat,2016.0,0.0,0
HelpShift,2016.0,23000000.0,1
Helpi,2016.0,0.0,0
Heterogenous,2017.0,780000.0,1
Hevo Data,2017.0,1000000.0,1
HeyBiz,2015.0,0.0,0
HeyPillow,2015.0,3000000.0,1
HiJinny,2015.0,0.0,0
High Radius,2017.0,50000000.0,1
HighRadius,2018.0,0.0,0
Highway Delite,2016.0,0.0,0
Hike,2016.0,175000000.0,1
Hike Messenger,2016.0,0.0,0
HipBar,2018.0,4000000.0,1
HipCouch,2017.0,700000.0,1
Hipcask,2016.0,0.0,0
Hippily,2016.0,250000.0,1
Hipship,2015.0,0.0,0
HitGrit,2016.0,0.0,0
Hitwicket,2015.0,250000.0,1
HolaChef,2015.0,325000.0,1
HolaChef,2016.0,1950000.0,1
HolaChef,2017.0,3000000.0,1
Holachef,2015.0,3100000.0,1
HolidayIQ,2015.0,15000000.0,1
Holidify,2015.0,100000.0,1
Holisol Logistics,2015.0,10000000.0,1
HomeCapital,2017.0,0.0,0
HomeLane,2015.0,4500000.0,1
HomeLane,2017.0,10000000.0,1
HomeLane,2018.0,3450000.0,1
HomeStudio,2015.0,5000000.0,1
Homelane,2015.0,50000000.0,1
Homergize,2017.0,1000000.0,1
Homers.in,2015.0,0.0,0
Hoopy,2017.0,500000.0,1
Hopping Chef,2015.0,470000.0,1
Hoppingo,2016.0,89000.0,1
Hopscotch,2015.0,11000000.0,1
Hopscotch,2016.0,13000000.0,1
Horntell,2016.0,150000.0,1
Hostel Dunia,2015.0,16000.0,1
Hotelogix,2018.0,5000000.0,1
Hotify,2015.0,150000.0,1
House of Msasaba,2019.0,1000000.0,1
Housejoy,2015.0,26500000.0,2
Housing,2016.0,0.0,0
Housing.com,2016.0,20000000.0,2
HousingMan,2018.0,1500000.0,1
Houssup,2016.0,0.0,0
Howdy Ventures,2017.0,1500000.0,1
Hubilo,2016.0,0.0,0
Hugefly,2015.0,0.0,0
Hungama,2016.0,25000000.0,1
HungerBox,2018.0,2500000.0,1
HungerBox,2019.0,6590000.0,1
Hungry Foal,2017.0,0.0,0
HyperTrack,2017.0,0.0,0
HyperVerge,2015.0,1000000.0,1
Hypernova Interactive,2017.0,0.0,0
I Can Stay,2017.0,1800000.0,1
IBSFintech,2017.0,0.0,0
ICHR,2016.0,450000.0,1
ICustomMadeIt,2015.0,250000.0,1
IDG Ventures,2017.0,10000000.0,1
IDfy,2015.0,0.0,0
IFMR Holdings,2015.0,25000000.0,1
IGP.com,2017.0,0.0,0
IIM Jobs,2016.0,2000000.0,1
IMAX Program,2018.0,13500000.0,1
IMbesharam,2016.0,4000000.0,1
INDwealth,2019.0,15000000.0,1
ION Energy,2017.0,0.0,0
IOTrek,2017.0,155000.0,1
IQlect,2016.0,0.0,0
ISFC,2016.0,6000000.0,1
Icertis,2015.0,6000000.0,1
Icertis,2016.0,15000000.0,1
Icertis,2017.0,25000000.0,1
Icertis,2018.0,50000000.0,1
Idea Bubbles,2016.0,700000.0,1
IdeaChakki,2016.0,0.0,0
IdeaForge,2016.0,10000000.0,1
Ideal Insurance,2017.0,0.0,0
Ignis Careers,2015.0,250000.0,1
ImageProVision,2016.0,0.0,0
Imaginate,2017.0,500000.0,1
Imarticus Learning,2016.0,1000000.0,1
Impact Analytics,2016.0,750000.0,1
Impact Guru,2016.0,500000.0,1
ImpactGuru,2016.0,0.0,0
Impartus,2015.0,0.0,0
InCred,2019.0,5900000.0,1
InCred Finance,2018.0,42000000.0,1
Inayo,2015.0,300000.0,1
Inc42,2016.0,0.0,0
Inclov,2017.0,0.0,0
Increff,2017.0,2000000.0,1
Increff,2019.0,3000000.0,1
Indee,2016.0,500000.0,1
Indi.com,2016.0,0.0,0
India Gifts Portal,2016.0,2000000.0,1
India Lends,2016.0,4000000.0,1
IndiaLends,2015.0,1000000.0,1
Indiamart,2016.0,0.0,0
IndianRoots.com,2015.0,5000000.0,1
Indiez,2017.0,500000.0,1
Indifi,2015.0,0.0,0
Indifi,2016.0,10000000.0,1
IndigoLearn,2018.0,150000.0,1
Indix,2015.0,15000000.0,1
Indofash,2016.0,150000.0,1
Indus OS,2016.0,5000000.0,1
Indus OS,2017.0,4000000.0,1
Indus OS,2019.0,5750000.0,1
IndustryBuying,2015.0,11200000.0,2
IndustryBuying,2016.0,1800000.0,1
Industrybuying,2015.0,0.0,0
Infibeam,2017.0,8800000.0,1
Infibeam,2018.0,6230000.0,1
Infinite Analytics,2015.0,0.0,0
Infisecure,2016.0,600000.0,1
Infogain,2015.0,63000000.0,1
Infoworks,2015.0,5000000.0,1
Infurnia,2016.0,160000.0,1
Ink Monk,2017.0,750000.0,1
Inkmonk,2015.0,250000.0,1
Inmobi,2015.0,100000000.0,1
Innefu Security Consulting,2017.0,2000000.0,1
Inner Hour,2017.0,450000.0,1
InnerChef,2015.0,1750000.0,1
InnerChef,2016.0,2500000.0,1
InnoNano Research,2016.0,18000000.0,1
Innoplexus,2016.0,0.0,0
Innov8,2016.0,0.0,0
Innov8,2017.0,0.0,0
Innov8,2018.0,4000000.0,1
Innovaccer,2015.0,0.0,0
Innovaccer,2016.0,15600000.0,1
Innovapptive,2017.0,1500000.0,1
Innoviti,2015.0,4850000.0,1
Innoviti,2017.0,18500000.0,1
Inshorts,2017.0,5000000.0,1
Insider.in,2017.0,5200000.0,1
Inspirock,2015.0,0.0,0
InstaBounce,2015.0,16600.0,1
InstaLively,2015.0,240000.0,2
InstaLively.com,2015.0,0.0,0
InstaOffice,2017.0,0.0,0
InstaSafe,2015.0,0.0,0
InstaSafe,2017.0,2200000.0,1
Instacar,2016.0,1000000.0,1
InstantPay,2016.0,0.0,0
Instaproc,2016.0,0.0,0
Instavans,2015.0,0.0,0
Intelligence Node,2017.0,800000.0,1
IntelligenceNODE,2015.0,4200000.0,1
Intelligent Interfaces,2015.0,0.0,0
Interviewpad,2016.0,100000.0,1
Intgrea,2016.0,100000.0,1
Inthree,2018.0,4000000.0,1
Intruo.com,2015.0,0.0,0
Intuit Things,2017.0,106000.0,1
Inuxu,2016.0,3000000.0,1
Invictus Oncology,2016.0,0.0,0
Iqlect,2015.0,2000000.0,1
Ithaka,2017.0,325000.0,1
Itzcash,2015.0,16500000.0,1
Ixigo,2015.0,0.0,0
Ixigo,2017.0,15000000.0,1
Jay Robotix,2015.0,250000.0,1
Jaypore,2016.0,5000000.0,1
Jazzmyride,2016.0,0.0,0
JetSetGo,2015.0,0.0,0
Jhakaas,2017.0,155000.0,1
Jiffstore,2015.0,0.0,0
Jigsaw Academy,2015.0,3000000.0,1
Jivox,2016.0,6000000.0,1
Jiyo Natural,2015.0,0.0,0
Jobick,2016.0,0.0,0
Jobspire,2015.0,260000.0,1
JoeHukum,2015.0,0.0,0
JoeHukum,2016.0,0.0,0
Johari Shop,2017.0,94000.0,1
Jolly Food Fellow,2015.0,300000.0,1
JollyFoodFellow,2016.0,0.0,0
Jombay,2015.0,0.0,0
Joolz,2016.0,500000.0,1
Josh Talks,2017.0,0.0,0
JoulestoWatts,2016.0,0.0,0
Joy by nature,2015.0,1000000.0,1
Juggernaut,2015.0,2250000.0,1
Jugnoo,2015.0,16000000.0,3
Jugnoo,2016.0,10000000.0,1
Julia Computing,2015.0,600000.0,1
Julia Computing,2017.0,4600000.0,1
JumboBasket,2015.0,0.0,0
Jumbotail,2017.0,8500000.0,1
Juno Clinic,2017.0,1200000.0,1
Juspay,2016.0,5800000.0,1
Jusride,2015.0,0.0,0
Just Buy Live,2016.0,20000000.0,1
JustDoc,2016.0,0.0,0
JustLikeNew,2016.0,500000.0,1
JustRide,2015.0,2000000.0,1
JustRide,2016.0,3000000.0,1
Justbooks,2016.0,0.0,0
Justdakhila.com,2016.0,750000.0,1
Justride,2016.0,400000.0,1
KAARYAH,2015.0,0.0,0
KNAB Finance,2017.0,385000.0,1
KOOH Sports,2015.0,2000000.0,1
KOOH Sports,2016.0,2200000.0,1
Kaaryah,2015.0,0.0,0
KabadiExpress,2016.0,148000.0,1
Kabadiwala,2019.0,430665.0,1
Kalaage,2016.0,0.0,0
Kaleidofin,2018.0,2800000.0,1
Kalpnik Technologies,2017.0,500000.0,1
Kanhaiya,2017.0,200000.0,1
Karma Healthcare,2015.0,0.0,0
Karma Healthcare,2018.0,500000.0,1
Karma Recycling,2015.0,0.0,0
KarmaCircles,2016.0,0.0,0
Karomi,2017.0,500000.0,1
Kartrocket,2016.0,14000000.0,2
Kashmir Box,2018.0,0.0,0
KeepTrax,2015.0,1000000.0,1
Ketchupp,2017.0,441000.0,1
Ketto,2015.0,1400000.0,2
KhanaGadi,2016.0,0.0,0
Khel Now,2016.0,350000.0,1
Khel Now,2017.0,500000.0,1
Kickstart Jobs,2016.0,0.0,0
Kidsstoppress,2016.0,0.0,0
Kinara Capital,2018.0,5000000.0,1
Kinsane Entertainment Inc,2018.0,2500000.0,1
Kissht,2017.0,2000000.0,1
Kissht,2018.0,30000000.0,1
Kleeto,2015.0,230000.0,1
KleverKid,2015.0,0.0,0
Klinic App,2017.0,0.0,0
Klip.in,2015.0,500000.0,1
Kloseby,2016.0,100000.0,1
Klozee,2015.0,0.0,0
Knit,2015.0,0.0,0
Knolskae,2016.0,0.0,0
Knowlarity,2016.0,20000000.0,1
Kobster.com,2015.0,0.0,0
Kochi Post,2017.0,0.0,0
Kolabro,2015.0,0.0,0
Konsult App,2017.0,500000.0,1
Koovs,2016.0,23300000.0,3
Korra,2015.0,300000.0,1
KountMoney,2015.0,0.0,0
Kratikal,2017.0,0.0,0
KrazyBee,2016.0,2000000.0,1
KrazyBee,2017.0,8000000.0,1
KrazyBee,2019.0,14342000.0,1
Kreate Konnect,2017.0,0.0,0
Kredx,2016.0,6000000.0,1
Kriger Campus,2018.0,46140.0,1
Kuants,2018.0,80000.0,1
Kulzy,2015.0,1000000.0,1
Kuvera,2018.0,250000.0,1
Kuvera,2019.0,45000000.0,1
Kyazoonga,2016.0,0.0,0
LEAP India,2016.0,3000000.0,1
La Renon,2015.0,16000000.0,1
LabInApp,2015.0,0.0,0
LabStreet,2015.0,150000.0,1
LabsAdvisor,2015.0,156000.0,1
LafaLafa,2015.0,125000.0,1
LatestOne,2015.0,3000000.0,1
LatestOne,2017.0,3350000.0,1
LaundryAnna,2016.0,150000.0,1
Lavelle Networks,2017.0,600000.0,1
Lawrato,2016.0,0.0,0
LazyLad,2015.0,500000.0,1
Leadburg,2017.0,0.0,0
Leaf,2015.0,16600.0,1
Leaf Wearables,2015.0,250000.0,1
Leap India,2017.0,13000000.0,1
Leaping Caravan,2015.0,150000.0,1
LearnOn,2015.0,0.0,0
LearnTron,2017.0,0.0,0
Leegality,2019.0,3400000.0,1
Leena AI,2018.0,0.0,0
Legal Raasta,2017.0,5000000.0,1
Legalraasta,2016.0,1000000.0,1
Legistify,2016.0,0.0,0
LenDen Club,2017.0,500000.0,1
LenDenClub,2016.0,0.0,0
Lending Kart,2017.0,10750000.0,1
LendingKart,2016.0,32000000.0,1
LendingKart,2017.0,12450000.0,2
Lendingkart,2015.0,10000000.0,1
Lendingkart,2018.0,91700000.0,2
LensKart,2015.0,2150000.0,1
LensKart,2016.0,0.0,0
LensKart,2017.0,3500000.0,1
LensPick,2016.0,0.0,0
Lenskart,2016.0,60000000.0,1
Lenskart,2018.0,0.0,0
Lenskart.com,2019.0,231000000.0,1
Leopetra,2017.0,40000.0,1
LetReach,2016.0,200000.0,2
Let's Barter,2016.0,0.0,0
Lets Corp,2015.0,3000000.0,1
Lets Endorse,2017.0,0.0,0
Lets Reap,2017.0,0.0,0
Lets Transport,2017.0,4000000.0,1
LetsMD,2016.0,0.0,0
LetsTransport,2015.0,1300000.0,1
LetsTransport,2018.0,12000000.0,1
LetsVenture,2015.0,0.0,0
Letsmd,2018.0,1000000.0,1
Letsservice,2017.0,0.0,0
Leverage Edu,2017.0,0.0,0
LexComply,2016.0,0.0,0
Liases Foras,2015.0,5000000.0,1
Licious,2015.0,1000000.0,1
Licious,2016.0,3000000.0,1
Licious,2017.0,10000000.0,1
Licious,2019.0,30000000.0,1
LifCare,2016.0,0.0,0
Life Circle,2016.0,150000.0,1
Life in Control,2016.0,0.0,0
LiftO,2015.0,130000.0,1
Liftiee,2016.0,108000.0,1
Lime Tray,2017.0,0.0,0
LimeRoad.com,2015.0,30000000.0,1
Limo,2016.0,1000000.0,1
Liqvid,2016.0,0.0,0
ListUp,2016.0,500000.0,1
Little,2016.0,0.0,0
Little Black Book,2016.0,0.0,0
Little Black Book,2017.0,1000000.0,1
Little Black Book Delhi,2015.0,150000.0,1
Littlemore,2018.0,3000000.0,1
LivSpace,2016.0,15000000.0,1
LiveNutriFit,2016.0,0.0,0
Livehealth,2018.0,1100000.0,1
Living Local,2016.0,200000.0,1
Livspace,2015.0,8000000.0,1
Lo! Foods,2019.0,500000.0,1
Loadshare,2017.0,0.0,0
Loan Frame,2017.0,2250000.0,1
LoanBaba,2015.0,320000.0,1
LoanCircle,2015.0,0.0,0
LoanTap,2016.0,3000000.0,1
LoanZen,2016.0,0.0,0
Loanmeet,2017.0,0.0,0
Loantap,2017.0,4000000.0,1
Loanzen,2018.0,0.0,0
LocalCircles,2015.0,0.0,0
LocalOye,2015.0,5000000.0,1
LocalRamu,2016.0,0.0,0
Localbanya,2015.0,0.0,0
Locanix,2016.0,300000.0,1
Locus,2015.0,0.0,0
Locus,2016.0,2750000.0,1
Log 9 Materials,2017.0,0.0,0
Log9 Materials,2018.0,436000.0,1
LogiNext,2015.0,10000000.0,1
Logic Roots,2017.0,50000.0,1
LogicRoots,2015.0,400000.0,1
Lollypop,2018.0,0.0,0
LookAtMe,2016.0,0.0,0
Lookup,2015.0,5880000.0,3
LoudShout,2015.0,0.0,0
LoveCycles,2016.0,750000.0,1
LoyaltyPrime,2017.0,0.0,0
Lucideus,2016.0,0.0,0
Lucideus,2017.0,0.0,0
Lumiere,2016.0,0.0,0
Luxuryhues,2015.0,900000.0,1
Lybrate,2015.0,10200000.0,1
M-TAXI,2015.0,0.0,0
MCaffeine,2016.0,300000.0,1
MEngage,2018.0,175000.0,1
MFine,2017.0,1500000.0,1
MInd Your Fleet,2016.0,0.0,0
MObiquest,2017.0,0.0,0
MSE,2017.0,32000000.0,1
MSM Box,2015.0,0.0,0
MaalGaadi,2016.0,375000.0,1
MaaxMarket,2016.0,22500.0,1
MachaDalo,2016.0,175000.0,1
Mad Street Den,2015.0,1500000.0,1
Mad Street Den,2016.0,0.0,0
Mad Street Den,2018.0,0.0,0
MadRat Games,2015.0,168000.0,1
MadRat Games,2016.0,0.0,0
Magic Crate,2016.0,0.0,0
MagicBricks,2017.0,4500000.0,1
MagicX,2016.0,1000000.0,1
Magicpin,2016.0,3000000.0,1
Magicpin,2017.0,13600000.0,2
Magicpin,2018.0,1000000.0,1
Mahindra First Choice,2015.0,15000000.0,1
MakeMyTrip,2016.0,180000000.0,1
MakeMyTrip,2018.0,10000000.0,1
Makkajai,2016.0,250000.0,1
MamaEarth,2016.0,0.0,0
MamaEarth,2017.0,0.0,0
MamaEarth,2018.0,4000000.0,1
Mamaearth,2020.0,18358860.0,1
ManageMySpa,2015.0,6000000.0,1
Manch,2018.0,700000.0,1
Manthan,2015.0,60000000.0,1
MapMyGenome,2015.0,1200000.0,1
Maptags,2017.0,18000.0,1
MarianaIQ,2016.0,2000000.0,1
Markets and Markets,2017.0,56000000.0,1
Massblurb,2015.0,0.0,0
Math Buddy,2016.0,440000.0,1
Matrubharti,2016.0,30000.0,1
MaxMyWealth,2017.0,0.0,0
Maya,2016.0,0.0,0
Mazkara,2016.0,1000000.0,1
MealHopper,2015.0,100000.0,1
MebelKart,2015.0,20000000.0,1
Mech Mocha,2015.0,1000000.0,1
Mech Mocha,2017.0,5000000.0,1
MedGenome,2015.0,20000000.0,1
MedGenome,2017.0,30000000.0,1
MedGenome,2018.0,10000000.0,1
MedTel,2018.0,0.0,0
Medd,2015.0,150000.0,1
Medidaili,2016.0,100000.0,1
Medikabazaar,2019.0,15800000.0,1
Medikoe,2015.0,100000.0,1
Medinfi,2015.0,305000.0,1
Medinfi,2016.0,200000.0,1
Medinfi,2017.0,275000.0,3
Medlife,2019.0,17000000.0,1
Medwell Ventures,2015.0,10000000.0,1
Medwell Ventures,2017.0,21000000.0,1
Medzin,2016.0,45000.0,1
Meesho,2016.0,0.0,0
Meesho,2017.0,3100000.0,1
Meesho,2018.0,61500000.0,2
Meesho,2019.0,125000000.0,1
MeetUniv,2015.0,1000000.0,1
Melorra,2016.0,5000000.0,1
MeraDoctor,2015.0,1200000.0,1
MeraKisan,2016.0,0.0,0
MergerWare,2017.0,100000.0,1
Meritnation,2015.0,4000000.0,1
Meru Cabs,2015.0,50000000.0,1
Meru Cabs,2016.0,25000000.0,1
MessaGif,2017.0,50000.0,1
Metro Bikes,2018.0,12200000.0,1
MiStay,2017.0,0.0,0
Mihup,2016.0,6700000.0,1
Mihuru,2018.0,150000.0,1
Milk Basket,2017.0,0.0,0
MilkBAsket,2018.0,1300000.0,1
MilkBasket,2016.0,500000.0,1
MilkBasket,2018.0,7000000.0,1
Milkbasket,2018.0,3000000.0,1
Milofy,2016.0,750000.0,1
MindTickle,2015.0,12500000.0,1
MindTickle,2017.0,27000000.0,1
MindYourFleet,2017.0,0.0,0
Mindler,2016.0,324000.0,1
Minjar,2017.0,0.0,0
MintM,2016.0,0.0,0
Mintwalk,2017.0,0.0,0
Mishry Reviews,2019.0,0.0,0
Misters,2019.0,486000.0,1
MoEngage,2015.0,4250000.0,1
MoEngage,2016.0,0.0,0
MoMagic,2015.0,0.0,0
MoMark,2016.0,600000.0,1
MobiDent,2016.0,0.0,0
MobiDent,2017.0,0.0,0
MobiKwik,2015.0,31600000.0,2
MobieFit,2015.0,1000000.0,1
MobieFit,2017.0,1350000.0,1
Mobikon,2015.0,2300000.0,1
Mobikon,2017.0,7000000.0,1
Mobikwik,2016.0,90000000.0,2
Mobile Premier League,2018.0,500000.0,1
Mobiliz AR,2017.0,0.0,0
Mobycy,2017.0,500000.0,1
MockBank,2015.0,400000.0,1
Moglix,2015.0,0.0,0
Moglix,2016.0,4200000.0,1
Moglix,2017.0,12000000.0,1
Moglix,2019.0,60000000.0,1
Mojarto,2016.0,445000.0,1
Momoe,2015.0,1200000.0,1
MoneyOnMobile,2018.0,12600000.0,2
MoneyTap,2017.0,12300000.0,1
MonkeyBox,2016.0,0.0,0
MonkeyBox,2017.0,0.0,0
Monsoon Fintech,2017.0,0.0,0
Moodoo,2016.0,40000.0,1
MoonFrog Labs,2015.0,15000000.0,1
Moong Labs,2017.0,0.0,0
Moovo,2015.0,0.0,0
Mosambee,2015.0,0.0,0
MotoMojo,2016.0,0.0,0
Mr Hot Foods,2016.0,0.0,0
MrNeeds,2017.0,500000.0,1
Mswipe,2015.0,25000000.0,1
Mswipe,2017.0,10000000.0,1
Mubble,2015.0,0.0,0
MuhurtMaza,2016.0,0.0,0
Multibhashi,2017.0,0.0,0
Multiplier Solutions,2017.0,1500000.0,1
Murgency,2016.0,0.0,0
Muvizz,2015.0,350000.0,1
My Forex Eye,2017.0,220000.0,1
My Healthcare,2019.0,3000000.0,1
My OmNamo,2018.0,1000000.0,1
MyAdvo,2016.0,0.0,0
MyCFO,2015.0,1500000.0,1
MyChild App,2016.0,100000.0,1
MyCity4Kids,2016.0,3000000.0,1
MyCity4kids,2017.0,0.0,0
MyCuteOffice,2015.0,0.0,0
MyDentist,2015.0,8200000.0,1
MyDentistChoice,2016.0,150000.0,1
MyDermacy,2017.0,0.0,0
MyDidi,2016.0,550000.0,1
MyDreamStore,2015.0,615000.0,2
MyGlamm,2016.0,6000000.0,1
MyGlamm,2017.0,5300000.0,1
MyGreens,2017.0,1000000.0,1
MyGubbi,2016.0,2500000.0,1
MyGubbi,2017.0,2700000.0,1
MyIndianStay,2015.0,200000.0,1
MyKindofJob,2016.0,1000000.0,1
MyLoanCare,2018.0,978000.0,1
MyNoticePeriod,2015.0,3000000.0,1
MyPetrolPump,2019.0,1600000.0,1
MyPoolin,2015.0,250000.0,1
MySUN,2016.0,2500000.0,1
MySeniorDoctor,2016.0,200000.0,1
MySmartPrice,2015.0,10000000.0,1
MySuperBrain,2016.0,0.0,0
MyTaxiIndia,2015.0,600000.0,2
MyTaxiIndia,2016.0,1000000.0,1
MyUpchar,2017.0,300000.0,1
MyUpchar,2018.0,5000000.0,1
Myeglu,2016.0,0.0,0
Myelin Foundry,2019.0,1000000.0,1
Myly,2016.0,100000.0,1
Myly,2017.0,310000.0,1
Myonsto,2015.0,320000.0,1
Myra,2017.0,0.0,0
Mystifly,2016.0,5000000.0,1
N.O.W,2016.0,500000.0,1
NDTV Wedding portal,2015.0,20000000.0,1
NDTV ecommerce venture,2015.0,0.0,0
Naaptol,2015.0,52000000.0,1
Naaptol.com,2015.0,21500000.0,1
Nactus,2017.0,0.0,0
Nagpur Wholesale,2018.0,143000.0,1
NanoClean Global,2019.0,600000.0,1
Narvar,2018.0,3000000.0,1
Native Special,2017.0,0.0,0
Naturally Yours,2015.0,0.0,0
NatureNama,2016.0,225000.0,1
Navia Life Care,2017.0,0.0,0
Nayi Disha,2015.0,300000.0,1
Nazara Technologies,2017.0,27000000.0,1
Near.in,2015.0,285000.0,1
NearBuy,2016.0,2500000.0,1
NearBuy (previously groupon India),2015.0,16000000.0,1
NearFox,2016.0,0.0,0
NearU,2016.0,0.0,0
NeoGrowth,2016.0,16000000.0,1
NeoGrowth Credit,2018.0,47000000.0,1
NeoStencil,2017.0,1000000.0,1
Neotrade Analytics,2015.0,235000.0,1
Nest Education,2017.0,600000.0,1
NestAway,2015.0,1300000.0,1
NestAway,2016.0,30000000.0,1
Nestaway,2015.0,12750000.0,1
Nestaway,2016.0,0.0,0
NetLinx,2016.0,3000000.0,1
NetMeds,2017.0,14000000.0,1
Netmeds,2018.0,35000000.0,1
Netmeds.com,2015.0,50000000.0,1
Netree,2016.0,0.0,0
Network Intelligence,2018.0,4800000.0,1
NeuroEquilibrium,2016.0,250000.0,1
NeuroSynaptic,2016.0,0.0,0
New Castle Technologies,2017.0,243000.0,1
Newgen Payments,2015.0,0.0,0
Newgen Software,2018.0,20000000.0,1
NewsDistill,2016.0,100000.0,1
NewsHunt,2015.0,40000000.0,1
NewsInShorts,2015.0,4150000.0,1
NewsLaundry,2016.0,0.0,0
Newspatrolling,2016.0,25000.0,1
NextGen,2015.0,0.0,0
NiYO Solutions,2016.0,1000000.0,1
Niffler,2015.0,1000000.0,1
NightStay,2015.0,500000.0,1
Nightstay,2017.0,0.0,0
Niki.ai,2015.0,0.0,0
Niki.ai,2016.0,0.0,0
Niki.ai,2017.0,2000000.0,1
Nimble Wireless,2015.0,3000000.0,1
Ninjacart,2016.0,3000000.0,1
Ninjacart,2017.0,5500000.0,1
Ninjacart,2019.0,26000000.0,1
Niramai,2017.0,0.0,0
NirogStreet,2018.0,300000.0,1
Nivesh,2017.0,0.0,0
Nivesh,2018.0,450000.0,1
NoBroker,2015.0,3000000.0,1
NoBroker,2016.0,17400000.0,2
NoBroker,2019.0,51000000.0,1
NoPaperForms,2017.0,872000.0,1
Noddapp,2016.0,147000.0,1
Noodle Play,2015.0,168000.0,1
Northmist,2018.0,0.0,0
Notary Mama,2016.0,0.0,0
Notesgen,2016.0,100000.0,1
Noticeboard,2017.0,1200000.0,1
Notion Press,2016.0,1000000.0,1
NowFloats,2015.0,0.0,0
NowFloats,2017.0,10000000.0,1
Nukkad Shops,2016.0,1000000.0,1
NumberMall,2015.0,10000000.0,1
Numeroseven,2018.0,0.0,0
Nurturey,2015.0,125000.0,1
Nurturey,2017.0,330000.0,1
Nuvepro,2017.0,400000.0,1
NxtGen,2015.0,13500000.0,1
Nykaa,2015.0,9500000.0,1
Nykaa,2016.0,12300000.0,1
Nykaa,2018.0,192200000.0,3
ONN Bikes,2016.0,0.0,0
ONN Bikes,2017.0,692000.0,1
ORIGA Leasing,2015.0,1100000.0,1
OUWT,2015.0,150000.0,1
OYO Rooms,2015.0,25000000.0,1
OYO Rooms,2017.0,260000000.0,2
OYOfit,2016.0,0.0,0
Obino,2016.0,0.0,0
Observe AI,2018.0,8000000.0,1
Octo.ai,2016.0,200000.0,1
OfBusiness,2016.0,16100000.0,2
OfBusiness,2017.0,3800000.0,1
Ofbusiness,2018.0,29000000.0,1
Oglas,2017.0,0.0,0
Oho Shop,2017.0,6700000.0,1
Oi Media,2017.0,0.0,0
OkCredit,2019.0,15500000.0,1
Ola,2015.0,500000000.0,1
Ola,2017.0,484500000.0,3
Ola Cabs,2015.0,255000000.0,2
Ola Cabs,2017.0,413700000.0,4
Ola Cabs,2019.0,1000000.0,1
Ola Electric,2019.0,0.0,0
Olacabs,2015.0,400000000.0,1
Oliveboard,2016.0,0.0,0
Olly Credit,2017.0,0.0,0
Omnia Information,2017.0,3000000.0,1
Omnify,2017.0,150000.0,1
Omnikart,2015.0,100000.0,1
OncoStem,2017.0,6000000.0,1
One Labs,2018.0,0.0,0
OneAssist,2015.0,7500000.0,1
OneAssist,2017.0,0.0,0
OneClickWash,2016.0,0.0,0
OneStepUp,2017.0,336000.0,1
Oneway.cab,2016.0,450000.0,1
OnlineRTI,2015.0,150000.0,1
OnlineTyari,2015.0,770000.0,1
Onspoon,2016.0,150000.0,1
Oorjan,2017.0,450000.0,1
OpenApp,2017.0,3600000.0,1
OpenTap,2018.0,450000.0,1
Opinio,2015.0,8300000.0,2
OptaCredit,2018.0,4000000.0,1
Orahi,2016.0,520000.0,1
OrangeTwig,2016.0,1000000.0,1
Organicshop,2016.0,0.0,0
Oriano Solar,2017.0,3000000.0,1
Origo Commodities India Pvt. Ltd,2018.0,11000000.0,1
Orobind,2015.0,200000.0,1
Oust App,2016.0,0.0,0
Overcart.com,2016.0,3000000.0,1
OyBob,2016.0,0.0,0
Oyo,2016.0,100000000.0,1
Oyo Rooms,2015.0,100000000.0,1
Oyo Rooms,2017.0,250000000.0,1
OyoRooms,2016.0,62000000.0,1
OyoRooms,2018.0,100000000.0,1
Oyorooms,2015.0,100000000.0,1
POPxo,2017.0,3100000.0,1
POPxo,2018.0,5500000.0,1
POPxo.com,2015.0,2000000.0,1
PParke,2017.0,0.0,0
Paalak,2017.0,0.0,0
Padhopadhao,2016.0,0.0,0
Paintcollar,2015.0,0.0,0
PaisaDukan,2018.0,225000.0,1
PaisaWapas,2017.0,0.0,0
Pando,2020.0,9000000.0,1
Pandorum Technologies,2016.0,0.0,0
Paper Boat,2015.0,30000000.0,1
Paperflite,2018.0,400000.0,1
ParaBlu,2016.0,500000.0,1
Parallel Dots,2017.0,1400000.0,1
Parcelled,2015.0,5000000.0,1
Parentlane,2016.0,0.0,0
Parentune,2017.0,0.0,0
Park Easy,2017.0,118000.0,1
Pastiwala,2015.0,4000000.0,1
Patel Logistics,2015.0,5600000.0,1
PayMango,2015.0,234000.0,1
PaySense,2018.0,18000000.0,1
Paynear,2015.0,2500000.0,1
Paysense,2017.0,5300000.0,1
Paytm,2015.0,680000000.0,1
Paytm,2016.0,60000000.0,1
Paytm,2017.0,1400000000.0,1
Paytm,2018.0,8950000.0,1
Paytm,2019.0,1000000000.0,1
Paytm Marketplace,2017.0,200000000.0,1
Paytunes,2015.0,0.0,0
Paytunes,2016.0,500000.0,1
PeeBuddy,2017.0,443000.0,1
PeeSafe,2018.0,1000000.0,1
PeeSafe.in,2017.0,1000000.0,1
Peel Works,2017.0,0.0,0
PepperTap,2015.0,10000000.0,1
Pepperfry,2015.0,100000000.0,1
Pepperfry,2016.0,31300000.0,1
Pepperfry,2018.0,38400000.0,1
Peppertap,2015.0,40000000.0,2
Perfios,2017.0,6100000.0,1
Perfumery,2016.0,30000.0,1
Perspectico,2017.0,0.0,0
PetSutra,2018.0,148434.0,1
Petoo,2016.0,1500000.0,2
PharmEasy,2017.0,18000000.0,1
PharmEasy,2018.0,0.0,0
PharmaRack,2016.0,745000.0,1
Pharmeasy,2018.0,5500000.0,1
Phone Pe,2018.0,66000000.0,1
Phone Warrior,2015.0,0.0,0
PhonePe,2017.0,38700000.0,1
Pi Data Centers,2016.0,23000000.0,1
Pi Ventures,2018.0,6000000.0,1
PiQube,2015.0,500000.0,1
Pianta,2016.0,0.0,0
PickMe,2017.0,1790000.0,1
PickMyLaundry,2015.0,100000.0,1
PickMyLaundry,2016.0,200000.0,1
Pickingo,2015.0,1300000.0,1
Pickrr,2015.0,0.0,0
Pickrr,2016.0,0.0,0
PicsDream,2016.0,0.0,0
Pictor Imaging,2016.0,147000.0,1
Pikkol,2016.0,0.0,0
PinClick,2016.0,0.0,0
Pindropmusic,2016.0,100000.0,1
Pine Labs,2019.0,38080000.0,1
PineLabs,2018.0,82000000.0,1
Ping Digital,2015.0,0.0,0
PinkBlue,2016.0,223608.0,1
Pipa Bella,2015.0,600000.0,1
Pipabella,2018.0,1000000.0,1
PipeCandy,2017.0,1100000.0,1
PitStop,2016.0,0.0,0
Pitstop,2016.0,0.0,0
Pitstop,2017.0,1000000.0,1
Plabro,2015.0,350000.0,1
PlaceofOrigin,2015.0,0.0,0
PlanMy MedicalTrip,2016.0,150000.0,1
PlanetGogo,2015.0,0.0,0
Planys Technologies,2018.0,1040000.0,1
Play Your Sport,2016.0,0.0,0
Play your sport,2015.0,16000.0,1
PlaySimple,2016.0,4000000.0,1
Playablo,2017.0,600000.0,1
Playment,2016.0,700000.0,1
PlexusMD,2016.0,0.0,0
Plick,2016.0,0.0,0
Plix,2016.0,500000.0,1
Pluss,2015.0,1000000.0,1
Pocket Aces,2016.0,3000000.0,1
Pocketin,2016.0,150000.0,1
Pokkt,2015.0,5000000.0,1
Policy Bazaar,2017.0,77000000.0,1
PolicyBazaar,2015.0,40000000.0,1
PolicyBazaar,2018.0,227700000.0,2
PortDesk,2017.0,2000000.0,1
Portea,2017.0,26000000.0,1
Portea Medical,2015.0,37500000.0,1
Poshtic,2016.0,450000.0,1
PosterGully,2015.0,0.0,0
Postman,2015.0,1000000.0,1
Postman,2016.0,7000000.0,1
Power2SME,2016.0,21000000.0,1
Power2SME,2017.0,36000000.0,2
Powerstores,2015.0,0.0,0
Practo,2015.0,30000000.0,1
Practo,2017.0,55000000.0,1
Pragmatix,2015.0,2400000.0,1
Pramati,2016.0,200000.0,1
PratiLipi,2016.0,0.0,0
Pratilipi,2018.0,4300000.0,1
Pratilipi,2019.0,15109500.0,1
Predible Health,2018.0,0.0,0
Pregbuddy,2018.0,0.0,0
Prepathon,2016.0,0.0,0
Prescribez,2016.0,145000.0,1
PressPlay,2015.0,2200000.0,1
PressPlay TV,2016.0,0.0,0
Prest Loans,2017.0,570000.0,1
PrettySecrets,2016.0,6000000.0,1
PriceRaja,2016.0,300000.0,1
Pricejugaad,2015.0,165000.0,1
PrimaSeller,2015.0,0.0,0
PrimaryIO,2017.0,5600000.0,1
Prime Focus Technologies,2016.0,0.0,0
Printland,2015.0,0.0,0
Printvenue,2015.0,4500000.0,1
ProcMart,2016.0,0.0,0
Process 9,2015.0,0.0,0
Process 9,2016.0,0.0,0
Progcap,2019.0,5000000.0,1
Project Mudra,2017.0,50000.0,1
Promon,2016.0,180000.0,1
PropStory,2017.0,0.0,0
PropertyShare,2017.0,0.0,0
PropheSee,2015.0,500000.0,1
Propstack,2015.0,3000000.0,1
Prothom,2015.0,2000000.0,1
Proviera,2015.0,550000.0,1
Proximit,2016.0,150000.0,1
Prozo,2015.0,205000.0,1
Prozo,2016.0,315000.0,1
Pulse,2016.0,500000.0,1
PumpKart,2017.0,0.0,0
Puro Wellness,2016.0,37000000.0,1
Purple Squirrel,2015.0,0.0,0
Purple Style Labs,2016.0,448000.0,1
PurpleDocs,2016.0,0.0,0
PurpleHealth,2016.0,100000.0,1
Purplle,2016.0,6000000.0,1
Purplle,2017.0,537000.0,1
Purplle.com,2015.0,0.0,0
Qacco,2016.0,150000.0,1
Qdesq,2016.0,0.0,0
Qik Stay,2015.0,250000.0,1
QikPod,2015.0,9000000.0,1
QikShip,2016.0,200000.0,1
Qlivery,2016.0,230000.0,1
Qonfuse,2016.0,0.0,0
QorQI,2017.0,0.0,0
Qriyo,2016.0,160000.0,1
Qriyo,2017.0,0.0,0
Qubole,2016.0,30000000.0,1
Qubole,2017.0,25000000.0,1
Quickli,2015.0,0.0,0
Quickli,2016.0,0.0,0
Quifers,2015.0,310000.0,1
QuikWallet,2015.0,1600000.0,1
Quikr,2015.0,210000000.0,2
Quikr,2016.0,20000000.0,1
Quinto,2015.0,0.0,0
Quintype,2015.0,3300000.0,1
QwikSpec,2017.0,540000.0,1
Qwikspec,2017.0,300000.0,1
Qyk,2015.0,0.0,0
Qyk App,2015.0,1000000.0,1
RAW Pressery,2017.0,6000000.0,1
REstate,2016.0,0.0,0
RKSV,2016.0,4000000.0,1
RML Agtech,2017.0,4000000.0,1
RailYatri,2015.0,0.0,0
RailYatri,2016.0,0.0,0
RailYatri,2018.0,0.0,0
RainCan,2015.0,100000.0,1
RainCan,2016.0,150000.0,1
Rao IIT Academy,2018.0,8600000.0,1
Rapido,2016.0,0.0,0
Rapido,2017.0,751230.0,2
Rapido Bike Taxi,2019.0,3900000000.0,1
Rare Media,2016.0,1100000.0,1
RateGain,2015.0,50000000.0,1
Raw Pressery,2017.0,0.0,0
RawPressery,2018.0,4800000.0,1
RayIOT,2016.0,100000.0,1
RazorPay,2015.0,120000.0,1
RazorPay,2016.0,0.0,0
Razorpay,2015.0,9000000.0,1
Razorpay,2018.0,20000000.0,1
ReGlobe,2015.0,1000000.0,1
Reach,2016.0,500000.0,1
RealBox,2016.0,300000.0,1
Recykal,2019.0,26000000.0,1
Red Carpet,2017.0,2500000.0,1
RedBook,2017.0,250000.0,1
RedDoorz,2015.0,1000000.0,1
RedPolka,2015.0,250000.0,1
Reddoorz,2016.0,0.0,0
Redesyn,2017.0,0.0,0
Redsun Telematics,2016.0,0.0,0
Refiral,2015.0,330000.0,1
Register My Marriage,2017.0,0.0,0
Rein Games,2019.0,50000000.0,1
Remidio,2016.0,0.0,0
Remit Guru,2017.0,466000.0,1
Remitr,2016.0,1000000.0,1
Renderlogy,2015.0,2600000.0,2
Renew Buy,2017.0,9200000.0,1
RenewBuy,2015.0,500000.0,1
RenewBuy,2016.0,1000000.0,1
RenewBuy,2019.0,19000000.0,1
Reniso,2017.0,0.0,0
Renomania,2015.0,0.0,0
Renowala,2015.0,0.0,0
Renowala,2016.0,0.0,0
RentMojo,2016.0,5000000.0,1
RentOnGo,2015.0,0.0,0
RentOnGo,2017.0,234000.0,1
RentSher,2016.0,300000.0,1
RentSher,2018.0,1100000.0,1
Rentalpha,2016.0,16000000.0,1
Rentickle,2016.0,250000.0,1
RentoMojo,2015.0,2000000.0,1
Rentomo,2016.0,100000.0,1
Rentomojo,2017.0,10000000.0,1
RepUp,2015.0,0.0,0
RepairEasy,2016.0,275000.0,1
ReportBee,2015.0,0.0,0
Ressy,2015.0,400000.0,1
Retention.ai,2015.0,500000.0,1
Retigence Technologies,2015.0,0.0,0
RevX,2015.0,4000000.0,1
Reverie,2015.0,4000000.0,1
Revv,2016.0,9000000.0,1
Revv,2018.0,14270000.0,1
Ridlr,2016.0,6000000.0,1
Rivigo,2015.0,30000000.0,1
Rivigo,2016.0,75000000.0,1
Rivigo,2017.0,15000000.0,1
Rivigo,2019.0,20000000.0,1
RoadGods,2016.0,100000.0,1
Roadcast,2018.0,250000.0,1
Roadrunnr,2015.0,21000000.0,2
Roambee,2017.0,4100000.0,1
Roast,2016.0,0.0,0
RoboVac,2016.0,450000.0,1
Robosoft,2015.0,12000000.0,1
Rock N Shop,2015.0,150000.0,1
Rocketium,2018.0,300000.0,1
Roder,2016.0,240000.0,1
Roll Mafia,2016.0,0.0,0
RollMafia,2015.0,160000.0,1
Room On Call,2016.0,2000000.0,1
Room on Call,2015.0,300000.0,1
RoomCentral,2015.0,2000000.0,1
RoomsTonite,2015.0,1500000.0,1
Rootefy,2017.0,187000.0,1
Rooter,2016.0,0.0,0
Rooter,2017.0,0.0,0
Roposo,2015.0,15000000.0,1
Roposo,2016.0,15000000.0,1
Roposo,2018.0,1700000.0,1
Roposo.com,2015.0,5000000.0,1
Round One,2015.0,0.0,0
Routofy,2015.0,0.0,0
Rozgar Mela,2015.0,0.0,0
Rubique,2017.0,3000000.0,1
Rubique,2018.0,0.0,0
Rubix,2018.0,1000000.0,1
Runnr,2016.0,7000000.0,1
Rupaiya Exchange,2016.0,200000.0,1
Rupeek,2018.0,6830000.0,1
S Chand,2015.0,27000000.0,1
S-Cube Futuretech,2015.0,1000000.0,1
SERV'D,2016.0,100000.0,1
SIFTR Labs,2016.0,150000.0,1
SMECorner,2017.0,0.0,0
SP Robotics,2016.0,300000.0,1
STAGE 3,2015.0,0.0,0
Saahas Zero Waste,2019.0,868600.0,1
Saama,2015.0,35000000.0,1
Saavn,2015.0,100000000.0,1
Saavn,2016.0,0.0,0
Sabse,2015.0,0.0,0
SafetyKart,2017.0,0.0,0
Sagacito,2016.0,10000000.0,1
Sahajanand Medical Technologies,2018.0,36230000.0,1
Sahayog Dairy,2015.0,1800000.0,1
SaleBhai,2016.0,1500000.0,1
Salebhai,2016.0,0.0,0
Sambandh,2018.0,2500000.0,1
Samco,2018.0,7500000.0,1
Samosa Labs,2018.0,7000000.0,1
Sampurnearth,2015.0,160000.0,1
Samunnati,2018.0,23500000.0,1
Samunnati Financial Intermediation & Services Pvt. Ltd,2019.0,5000000.0,1
Saral Designs,2016.0,0.0,0
SastaSundar,2017.0,5000000.0,1
Sattviko,2015.0,320000.0,1
Sattviko,2016.0,0.0,0
Sattviko,2017.0,0.0,0
SatvaCart,2016.0,0.0,0
SatvaKart,2016.0,0.0,0
Satvacart,2015.0,1800000.0,1
SaveBC,2017.0,6000000.0,1
SavvyMob,2016.0,1000000.0,1
Sayfix,2016.0,160000.0,1
Scandid,2015.0,0.0,0
Scandid,2016.0,0.0,0
Scapic,2018.0,500000.0,1
Schedulers Logistics,2016.0,6000000.0,1
SchoolGuru,2015.0,3000000.0,1
SchoolWear,2016.0,1500000.0,1
Schoolkart,2016.0,300000.0,1
Scienaptic,2016.0,0.0,0
ScoopWhoop,2015.0,4000000.0,1
Scootsy,2017.0,3600000.0,1
ScoutMyTrip,2017.0,0.0,0
Scripbox,2015.0,2500000.0,1
Scripbox,2016.0,0.0,0
Seclore,2016.0,12000000.0,1
Securens,2017.0,5000000.0,1
SecururAX,2017.0,0.0,0
SeeDoc,2016.0,1000000.0,1
Seed Schools,2015.0,650000.0,1
Seenit,2017.0,0.0,0
SelectJobs,2017.0,0.0,0
Seniority,2017.0,1000000.0,1
Sensara,2016.0,750000.0,1
SenseGiz,2015.0,500000.0,1
Sepalika,2017.0,750000.0,1
Sequretek,2017.0,0.0,0
ServX,2015.0,0.0,0
Servify,2016.0,0.0,0
Sesame Software,2016.0,0.0,0
Setu,2019.0,3500000.0,1
ShaadiSaga,2016.0,0.0,0
ShabdNagari,2016.0,0.0,0
ShabdaNagari,2016.0,200000.0,1
ShadowFax,2015.0,310000.0,1
Shadowfax,2015.0,9000000.0,1
Shadowfox,2016.0,10000000.0,1
Shape,2018.0,100000000.0,1
ShareChat,2016.0,5350000.0,2
ShareChat,2018.0,18200000.0,1
SheThePeople,2016.0,0.0,0
Sheroes,2015.0,770000.0,1
Sheroes,2016.0,1800000.0,1
ShilpMIS,2017.0,0.0,0
Shippr,2015.0,500000.0,1
Shipsy,2016.0,1000000.0,1
Shirsa Labs,2015.0,250000.0,1
Shirsa Labs,2018.0,500000.0,1
ShoeKonnect,2016.0,0.0,0
Shoekonnect,2016.0,0.0,0
Shop 101,2018.0,5000000.0,1
ShopClues,2015.0,100000000.0,1
ShopKirana,2016.0,0.0,0
ShopKirana,2018.0,2000000.0,1
ShopX,2016.0,5000000.0,1
ShopX,2018.0,35000000.0,1
Shopalyst,2015.0,2000000.0,1
Shopatplaces,2015.0,0.0,0
Shopclues,2016.0,100000000.0,1
Shopclues,2017.0,7700000.0,1
Shopholix,2017.0,233000.0,1
Shopkirana,2016.0,0.0,0
ShoppinPal,2016.0,1070000.0,1
ShopsUp,2016.0,963000.0,1
Shopsense,2015.0,0.0,0
Shopwati,2016.0,0.0,0
Shotang.com,2015.0,5000000.0,1
Shouut,2016.0,500000.0,1
Shubh Loans,2017.0,1500000.0,1
Shubh Loans,2018.0,4200000.0,1
ShubhLoans,2016.0,0.0,0
Shuttl,2015.0,20000000.0,1
Shuttl,2018.0,11000000.0,1
Shuttl,2019.0,5000000.0,1
Shuttl,2020.0,8048394.0,1
Sibia Analytics,2016.0,0.0,0
SidQam,2016.0,1200000.0,1
SigTuple,2016.0,0.0,0
Signzy,2018.0,3400000.0,1
Sigrid Education,2015.0,0.0,0
Sigtuple,2017.0,5800000.0,1
Sigtuple,2018.0,19000000.0,1
SillyMonks,2016.0,448000.0,1
Silvan,2016.0,515000.0,1
Silvan Innovation Labs,2016.0,900000.0,1
SilverPush,2015.0,1200000.0,1
Simility,2017.0,17500000.0,1
Simpli5d,2015.0,0.0,0
SimpliLend,2017.0,0.0,0
Simplilearn,2015.0,29750000.0,2
Simplilearn,2016.0,6000000.0,1
Simplotel,2015.0,0.0,0
Simulanis,2017.0,0.0,0
SirionLabs,2016.0,12250000.0,1
Sistema.bio,2019.0,2739034.68,1
Skedool,2016.0,0.0,0
Skill Connect,2017.0,0.0,0
SkillAngels,2015.0,0.0,0
Skillate,2018.0,0.0,0
Skillbox,2018.0,0.0,0
Skillenza,2017.0,722000.0,1
Skoov.com,2015.0,150000.0,1
Sky Met Weather,2017.0,0.0,0
SkyCandle,2016.0,0.0,0
Slang Labs,2018.0,1240000.0,1
Slice Pay,2017.0,2000000.0,1
Slide App,2016.0,3600000.0,1
Smaaash,2017.0,47800000.0,2
Smart Karma,2017.0,0.0,0
SmartCoin,2017.0,0.0,0
SmartHi,2017.0,0.0,0
SmartPocket,2015.0,250000.0,1
SmartVizX,2016.0,500000.0,1
Smartairtrip.com,2015.0,10000000.0,1
Smartcoin,2018.0,2000000.0,1
Smartcooky,2016.0,0.0,0
Smartivity,2016.0,1000000.0,1
Smartivity,2018.0,2000000.0,1
Smartivity.in,2015.0,200000.0,1
Smartron,2016.0,0.0,0
Sminq,2016.0,1000000.0,1
Smytten,2015.0,200000.0,1
Smytten,2016.0,0.0,0
Snackible,2017.0,175000.0,1
SnapBizz,2016.0,7200000.0,1
Snapbizz,2016.0,0.0,0
Snapdeal,2015.0,500000000.0,1
Snapdeal,2016.0,200000000.0,1
Snapshopr,2016.0,0.0,0
Social Quotient,2016.0,0.0,0
Sokrati,2015.0,0.0,0
SolarTown,2016.0,200000.0,1
SooperMO,2016.0,100000.0,1
Soothe Healthcare,2015.0,0.0,0
SoundSurround,2016.0,22500.0,1
Spandana Sphoorty,2017.0,19500000.0,1
Spares Hub,2017.0,311000.0,1
SparesHub,2015.0,460000.0,1
Specsmakers,2017.0,10000000.0,1
SpectraVR,2016.0,0.0,0
SpeedBox,2017.0,300000.0,1
SpiderG,2016.0,150000.0,1
Spinny,2017.0,1000000.0,1
Splitkart,2015.0,0.0,0
SpoonJoy,2015.0,1000000.0,1
Sport Flashes,2017.0,0.0,0
Sportido,2016.0,0.0,0
Sportobuddy,2017.0,150000.0,1
Sports Flashes,2017.0,0.0,0
SportyBeans,2015.0,0.0,0
SportzVillage,2015.0,10000000.0,1
SpotDraft,2017.0,550000.0,1
Springboard,2015.0,1700000.0,1
Springboard,2017.0,9500000.0,1
Springleap,2015.0,800000.0,1
Sqqrl,2018.0,1000000.0,1
SquadRun,2015.0,0.0,0
Squadrun,2017.0,2100000.0,1
Square Yards,2015.0,6000000.0,1
Square Yards,2016.0,12000000.0,1
Square Yards,2017.0,10000000.0,1
Stalk Buy Love,2016.0,6000000.0,1
StalkBuyLove,2015.0,0.0,0
StalkBuyLove,2016.0,0.0,0
StalkBuyLove,2017.0,1000000.0,1
StanPlus,2017.0,1100000.0,1
Stanza Living,2017.0,2000000.0,1
Staqu,2016.0,0.0,0
Startup Buddy,2017.0,0.0,0
Stashfin,2017.0,5000000.0,1
Stasis Labs,2016.0,5000000.0,1
Stay Simple Resorts,2015.0,0.0,0
StayGlad,2015.0,0.0,0
StayZilla,2016.0,13500000.0,1
Stayabode,2017.0,0.0,0
Staydobe,2017.0,0.0,0
Stayology,2016.0,0.0,0
Stayzilla,2015.0,20000000.0,1
Stelae,2015.0,0.0,0
Stellaps,2018.0,14000000.0,1
StitchWood,2016.0,200000.0,1
Stitchwood,2015.0,395000.0,1
Stockal,2015.0,0.0,0
Stockal,2017.0,350000.0,1
Stockroom.io,2015.0,70000.0,1
Stockroom.io,2017.0,0.0,0
StoreKing,2015.0,0.0,0
StoreKing,2016.0,16000000.0,1
StoreMore.in,2015.0,0.0,0
Strata Enviro,2017.0,0.0,0
Stratfit,2017.0,232000.0,1
Streak,2018.0,354600.0,1
Streamoid,2015.0,1000000.0,1
Streo,2016.0,0.0,0
Stridalyzer,2015.0,30768.0,1
Strike,2016.0,22500.0,1
Stuffed,2015.0,385000.0,1
Stumagz,2018.0,0.0,0
StyleDotMe,2019.0,0.0,0
StyleTag,2015.0,7500000.0,1
Stylecracker,2015.0,1000000.0,1
Styledotme,2016.0,37000.0,1
Stylflip,2016.0,0.0,0
Stylofie,2015.0,250000.0,1
Stylofie,2016.0,0.0,0
Sulekha.com,2015.0,28000000.0,1
Sumeru,2017.0,1900000.0,2
Summerlabel,2017.0,150000.0,1
SunTerrace,2015.0,0.0,0
Sunday Realty Solutions,2015.0,785000.0,1
Sunstone Eduversity Pvt. Ltd,2019.0,1500000.0,1
SuperGaming,2019.0,1300000.0,1
Superhero Brands,2015.0,540000.0,1
Supplified,2016.0,1000000.0,1
Supr Daily,2016.0,0.0,0
Supr Daily,2017.0,1620000.0,2
Swajal,2015.0,1200000.0,1
Swiggy,2015.0,33500000.0,3
Swiggy,2016.0,57000000.0,3
Swiggy,2017.0,80000000.0,1
Swiggy,2018.0,100000000.0,1
SwitchMe,2016.0,0.0,0
Synctag,2018.0,307600.0,1
Synup,2017.0,6000000.0,1
Syona Cosmetics,2015.0,0.0,0
Syona Cosmetics,2016.0,150000.0,1
Systemantics,2016.0,1400000.0,1
TAC Security,2016.0,0.0,0
THB,2016.0,0.0,0
TOFlo,2015.0,100000.0,1
TOKO Innovation Studios,2016.0,450000.0,1
TYGR,2016.0,3000000.0,1
TableHero,2016.0,1000000.0,1
TagBox,2017.0,0.0,0
Tagos Design,2017.0,5000000.0,1
Tails Life,2017.0,0.0,0
Tailslife,2016.0,0.0,0
Tala,2019.0,110000000.0,1
Talent Next,2016.0,1000000.0,1
TalentEdge,2017.0,7600000.0,1
Talentrack,2015.0,0.0,0
Talkoot,2015.0,100000.0,1
TapChief,2016.0,0.0,0
TapCibo,2015.0,0.0,0
Tapchief,2016.0,150000.0,1
Tapzo,2018.0,1930000.0,1
Tarusa World,2016.0,0.0,0
TaskBucks,2015.0,15000000.0,1
Taskbob,2015.0,1200000.0,1
Taskbob,2016.0,4500000.0,1
Tata Housing,2017.0,23000000.0,1
Tavaga,2015.0,0.0,0
Tax2Win,2016.0,1000000.0,1
TaxSutra,2015.0,160000.0,1
TaxSutra,2017.0,366000.0,1
TaxiVaxi,2016.0,500000.0,1
Tazzo Bikes,2016.0,227000.0,1
Tea Box,2017.0,7000000.0,1
Tea Trails,2015.0,1000000.0,1
Teabox,2015.0,6000000.0,1
Teabox,2016.0,0.0,0
Teabox.com,2016.0,0.0,0
Team Indus,2015.0,1500000.0,1
Teewe,2015.0,1750000.0,1
Telr,2017.0,3000000.0,1
TempGo,2017.0,250000.0,1
TempoGo,2017.0,825000.0,1
Ten3t Health,2016.0,0.0,0
Teritree,2015.0,140000.0,1
Termsheet,2015.0,100000.0,1
TestBook,2017.0,0.0,0
Testbook,2016.0,0.0,0
The Better India,2015.0,166000.0,1
The BlueBook,2016.0,500000.0,1
The Good Life,2017.0,1000000.0,1
The Gourmet Jar,2016.0,0.0,0
The Healthy Billions,2018.0,2100000.0,1
The Home Salon,2015.0,0.0,0
The Indian IRIS,2016.0,0.0,0
The Ken,2017.0,400000.0,1
The Ken,2018.0,1500000.0,1
The Kettlery,2016.0,1000000.0,1
The Label Life,2017.0,3100000.0,1
The Man Company,2015.0,0.0,0
The Man Company,2019.0,0.0,0
The Moms Co,2017.0,1000000.0,1
The Mons Co.,2017.0,0.0,0
The News Minute,2015.0,0.0,0
The Office Pass,2017.0,245000.0,1
The Porter,2015.0,5500000.0,1
The Postbox,2016.0,0.0,0
The Print,2017.0,0.0,0
The Print,2018.0,535000.0,1
The Uolo,2016.0,210000.0,1
The Viral Fever,2016.0,10000000.0,1
The Wedding Brigade,2016.0,600000.0,1
The Wedding Brigade,2018.0,1000000.0,1
The/Nudge Foundation,2015.0,315000.0,1
TheBetterIndia.com,2015.0,0.0,0
TheCapitalNet,2018.0,500000.0,1
TheKarrier,2015.0,240000.0,1
TheSmartQ,2016.0,250000.0,1
Theranosis,2018.0,0.0,0
ThinkPhi,2016.0,0.0,0
ThinkerBell,2017.0,200000.0,1
ThirdWatch,2017.0,0.0,0
Thrill App,2015.0,1000000.0,1
TicketNew,2017.0,35000000.0,1
Tilite Technologies Pvt. Ltd,2017.0,0.0,0
TimeSaverz,2015.0,2400000.0,1
Timemytask,2016.0,0.0,0
Timesaverz,2017.0,1000000.0,1
TinMen,2016.0,0.0,0
Tinmen,2017.0,0.0,0
TinyOwl,2015.0,23500000.0,2
TinyStep,2016.0,1580000.0,1
TinyStep,2017.0,2000000.0,1
Tiyo,2016.0,0.0,0
Toffee,2018.0,1500000.0,1
Toko Innovations,2016.0,450000.0,1
Tokri,2016.0,2500000.0,1
Tonbo Imaging,2017.0,17000000.0,1
Tone Tag,2016.0,0.0,0
ToneTag,2015.0,1000000.0,1
Tonetag,2018.0,8000000.0,1
Tookitaki,2015.0,1000000.0,1
Tooler,2015.0,110000.0,1
TopRankers,2016.0,670000.0,1
Toppr,2015.0,10000000.0,1
Toppr,2017.0,10200000.0,2
Toppr,2018.0,100000.0,1
Toppr,2019.0,6320820.0,1
Toppr.com,2015.0,2000000.0,1
Tork Motocycles,2016.0,0.0,0
Torqus,2015.0,350000.0,1
TouchKin,2017.0,1300000.0,1
Touchkin,2016.0,400000.0,1
Town Essentials,2015.0,1000000.0,1
TownScript,2017.0,0.0,0
Townrush,2015.0,0.0,0
Townscript,2015.0,0.0,0
Tpot,2016.0,0.0,0
Trackbizz,2016.0,0.0,0
Tracxn,2015.0,13500000.0,2
Tracxn,2016.0,0.0,0
Tradelab,2015.0,400000.0,1
Trading Bells,2016.0,297000.0,1
Trak N Tell,2016.0,3500000.0,1
TransTutors / AskIITians,2016.0,0.0,0
Transcell,2016.0,0.0,0
Transerv,2016.0,15000000.0,1
Transerve,2017.0,1600000.0,1
Transversal Technologies,2017.0,6000000.0,1
Travel Triangle,2015.0,8000000.0,1
Travel Triangle,2017.0,10000000.0,1
TravelKhana,2015.0,0.0,0
TravelSpice,2017.0,0.0,0
TravelTriangle,2018.0,12000000.0,1
Travelyaari,2016.0,10000000.0,2
Treebo,2015.0,6000000.0,1
Treebo,2017.0,34000000.0,1
Trell,2018.0,1250000.0,1
Trell,2019.0,2000000.0,1
TrendieApp,2016.0,50000.0,1
Tricog,2016.0,0.0,0
Trilyo,2016.0,0.0,0
Trilyo,2018.0,250000.0,1
Tring,2016.0,0.0,0
Trip Tap Toe,2016.0,0.0,0
Trip shelf,2018.0,246000.0,1
Trip38,2015.0,1000000.0,1
TripFactory,2015.0,0.0,0
TripShelf,2016.0,373000.0,2
Tripeur,2017.0,0.0,0
Triphobo,2015.0,3000000.0,1
Tripoto,2015.0,2000000.0,1
Tripoto,2019.0,3591375.0,1
Truce,2016.0,370000.0,1
TruckMandi,2015.0,2000000.0,1
TruckingCube,2016.0,14900000.0,1
Truckola,2016.0,595000.0,1
Trucksfirst,2015.0,10000000.0,1
True Balance,2016.0,0.0,0
True Balance,2017.0,15000000.0,1
True Balance,2018.0,23000000.0,1
True North,2018.0,600000000.0,1
Truebil,2015.0,500000.0,1
Truebil,2016.0,5150000.0,1
Truebil,2017.0,3000000.0,1
Truelancer,2015.0,0.0,0
Trukky,2015.0,245000.0,1
Trukky,2017.0,500000.0,1
Truly Social,2016.0,0.0,0
TrulyMadly.com,2015.0,5500000.0,1
Trupay,2017.0,700000.0,1
Truweight,2015.0,0.0,0
TruxApp,2017.0,3100000.0,1
Turtlemint,2016.0,0.0,0
Twenty Two Motors,2017.0,0.0,0
Twigly,2015.0,200000.0,1
Twigly,2016.0,600000.0,1
Twyst,2015.0,0.0,0
Tydy,2017.0,275000.0,1
Tynor Othontics,2018.0,21000000.0,1
Tyre Express,2017.0,0.0,0
UCLID,2017.0,235000.0,1
UClean,2016.0,0.0,0
UE Life Sciences,2015.0,3000000.0,1
UE LifeSciences,2016.0,1200000.0,1
Uactive,2017.0,0.0,0
Uber Dreams,2016.0,500000.0,1
Udaan,2016.0,10000000.0,1
Udaan,2018.0,275000000.0,2
Udaan,2019.0,585000000.0,1
UnaAcademy,2016.0,1000000.0,1
Unacademy,2016.0,500000.0,1
Unacademy,2017.0,16000000.0,2
Unacademy,2019.0,307000.0,1
Unbxd,2016.0,0.0,0
Unbxd,2017.0,12500000.0,1
Uncanny Vision,2017.0,0.0,0
UniLog,2015.0,0.0,0
Uniken,2015.0,2000000.0,1
Uniphore,2015.0,0.0,0
Uniphore,2016.0,2000000.0,1
Uniphore,2017.0,6800000.0,1
Uniphore,2019.0,89080000.0,2
Universal Sportsbiz Pvt. Ltd,2017.0,15000000.0,1
Unlaze,2016.0,0.0,0
Unnati Helpers,2016.0,600000.0,1
Unocoin,2016.0,1500000.0,1
Upwardly.in,2017.0,0.0,0
Upwards,2018.0,5000000.0,1
UrDoorStep,2015.0,0.0,0
UrDoorStep,2016.0,1400000.0,1
Urban Dhobi,2016.0,0.0,0
Urban Ladder,2015.0,50000000.0,1
Urban Ladder,2017.0,15200000.0,1
Urban Ladder,2018.0,12000000.0,1
Urban Tailor,2015.0,0.0,0
Urban Tailor,2016.0,0.0,0
UrbanClap,2015.0,36600000.0,3
UrbanClap,2017.0,24100000.0,2
UrbanClap Technologies Pvt. Ltd,2018.0,50000000.0,1
UrbanLadder,2016.0,3000000.0,1
UrbanPiper,2016.0,0.0,0
UrbanPiper,2018.0,0.0,0
UrbanPro,2015.0,2000000.0,1
Urjas,2015.0,100000.0,1
Utoo Cabs,2016.0,0.0,0
V Resorts,2017.0,4000000.0,1
VDeliver,2017.0,0.0,0
VST Travels,2016.0,27000.0,1
VTION,2018.0,280000.0,1
Vagupu,2017.0,1000000.0,1
Vahan,2016.0,0.0,0
Vahanalytics,2016.0,200000.0,1
Vahdam Tea,2017.0,1500000.0,1
Vahdam Teas,2017.0,650000.0,1
Vanity Cube,2016.0,250000.0,1
VanityCube,2015.0,0.0,0
Vanitycask,2017.0,0.0,0
Varthana,2018.0,55000000.0,1
Vayana,2017.0,4000000.0,1
Vebbler,2016.0,500000.0,1
Vebbler,2017.0,40000.0,1
Vedantu,2015.0,5000000.0,1
Vedantu,2018.0,10000000.0,1
Veeba Foods,2015.0,6000000.0,1
Vegetall,2016.0,162000.0,1
Vegfru,2016.0,0.0,0
Vehico,2016.0,0.0,0
Velmenni,2016.0,100000.0,1
Velvetcase,2016.0,1500000.0,1
Venture Catalysts,2016.0,500000.0,1
Venturesity,2015.0,270000.0,1
Veqta,2016.0,500000.0,1
Verayu,2015.0,0.0,0
Veritas Finance,2016.0,4700000.0,1
Veritas Finance Ltd.,2018.0,27799000.0,1
Vernacular.ai,2017.0,0.0,0
Vertuals,2016.0,0.0,0
Video Ken,2017.0,1000000.0,1
Vidgyor,2015.0,500000.0,1
Vidooly,2015.0,1000000.0,1
Vidooly,2017.0,1400000.0,1
VillFarm,2015.0,0.0,0
Villgro,2015.0,3250000.0,1
Villgro,2016.0,3500000.0,1
VioletStreet,2015.0,315000.0,1
Virtual Logic,2015.0,800000.0,1
Visit,2016.0,0.0,0
Visit,2018.0,0.0,0
Vista Rooms,2017.0,776000.0,1
Vistaar Finance,2015.0,40000000.0,1
Vithi.com,2016.0,375000.0,1
VivoCarat,2016.0,50000.0,1
Vlurn,2015.0,0.0,0
VoLT,2016.0,0.0,0
Vogo,2017.0,0.0,0
Vogo Automotive,2019.0,283000000.0,1
Vogo Automotive Pvt. Ltd.,2019.0,3584000.0,1
Voice Friends,2016.0,0.0,0
Vola,2018.0,500000.0,1
Voler Cars,2016.0,0.0,0
Volta Motors,2016.0,100000.0,1
Voodoo,2015.0,1000000.0,1
Voonik,2015.0,5000000.0,1
Voonik,2016.0,23000000.0,2
Voonik,2017.0,6000000.0,1
Vow Car Clinic,2017.0,0.0,0
VoxWeb,2015.0,100000.0,1
Voxweb,2015.0,350000.0,1
Voxweb,2017.0,1000000.0,1
Voylla,2015.0,15000000.0,1
Vserv,2015.0,15000000.0,1
Vyapar App,2019.0,5000000.0,1
Vymo,2016.0,5000000.0,1
Vyome Biosciences,2016.0,2000000.0,1
Vyome Therapeutics Inc.,2019.0,22000000.0,1
Vyomo,2015.0,2000000.0,1
Vyomo,2016.0,15000000.0,1
WIMWI Foods,2016.0,0.0,0
WOTU,2016.0,0.0,0
WOTU,2018.0,0.0,0
WOW! MOMO,2015.0,1600000.0,1
Wandertrails,2017.0,1000000.0,1
Wassup,2015.0,2000000.0,1
Wassup,2017.0,3200000.0,1
WayCool,2017.0,2700000.0,1
WeAreHolidays,2017.0,7700000.0,1
WeDoSky,2017.0,0.0,0
WealthApp,2016.0,440000.0,1
WealthTrust,2016.0,0.0,0
Wealthy,2016.0,250000.0,1
WebAlligator,2016.0,375000.0,1
WebEngage,2018.0,0.0,0
Wedding Wishlist,2016.0,297000.0,1
Weddingz,2016.0,0.0,0
Weddingz.in,2015.0,1000000.0,1
Weddingz.in,2017.0,1000000.0,1
WedmeGood.com,2015.0,410000.0,1
Wedwise,2016.0,0.0,0
Wefly Indoor Skydiving,2016.0,40000.0,1
Welcome Cure,2015.0,6000000.0,1
Wellthy,2018.0,2100000.0,1
Wetravelsolo,2015.0,0.0,0
What's Up Life,2018.0,0.0,0
Whatfix,2015.0,900000.0,1
Whatfix,2017.0,3690000.0,1
WhatsLoan,2017.0,0.0,0
WhatsOnRent,2016.0,0.0,0
WheelStreet,2017.0,120000.0,1
Wheelstreet,2016.0,500000.0,1
White Owl Brewery,2015.0,1530000.0,1
Whodat,2017.0,600000.0,1
WholeSaleBox,2016.0,2000000.0,1
Whoop,2015.0,3000000.0,1
WickedRide,2015.0,790000.0,1
WickedRide,2018.0,9100000.0,1
Wigzo,2015.0,500000.0,1
Wigzo,2017.0,0.0,0
Wired Hub,2016.0,0.0,0
Wishberry,2017.0,0.0,0
Wishup,2016.0,0.0,0
WitWorks,2016.0,0.0,0
WithMe,2016.0,250000.0,1
WittyFeed,2017.0,0.0,0
Wittyparot,2016.0,450000.0,1
Wiwigo,2016.0,595000.0,1
WizCounsel,2019.0,145000.0,1
Wizrocket,2015.0,9600000.0,1
WoNoBo,2015.0,0.0,0
WoW Express,2016.0,2200000.0,1
WoWexpress,2015.0,500000.0,1
WonderChef,2017.0,0.0,0
Woodpie,2016.0,30000.0,1
Wooplr,2016.0,0.0,0
Wooplr,2017.0,8000000.0,1
Wooplr.com,2015.0,5000000.0,1
WorkApps,2016.0,1000000.0,1
WorkHorse,2015.0,0.0,0
WorkIndia,2015.0,500000.0,1
WorkIndia,2016.0,0.0,0
World Art Community,2015.0,200000.0,1
World Art Community,2016.0,200000.0,1
Wow Express,2018.0,4500000.0,1
Wowflux,2017.0,0.0,0
Wudstay,2015.0,3000000.0,1
Wydr,2015.0,0.0,0
Wydr,2017.0,0.0,0
Wydr,2018.0,0.0,0
XSTOK,2015.0,450000.0,1
Xcode,2016.0,0.0,0
Xprep,2017.0,0.0,0
Xpressbees,2016.0,12500000.0,1
Xseed Education,2016.0,10000000.0,1
YAAP,2016.0,5000000.0,1
YOLO Health,2017.0,0.0,0
Yaantra,2017.0,3100000.0,1
Yana,2016.0,0.0,0
Yatra.com,2017.0,15400000.0,1
YatraGenie,2015.0,0.0,0
Yellowdig,2016.0,650000.0,1
YepMe,2015.0,88000000.0,2
YepMe,2017.0,700000.0,1
Yo Grad,2015.0,16000.0,1
Yogurt Labs,2015.0,115000.0,1
Yostra,2017.0,0.0,0
Yottaasys,2016.0,0.0,0
Your Quote,2017.0,1000000.0,1
YourDOST,2015.0,400000.0,1
YourDost,2016.0,1200000.0,1
YourStory,2015.0,0.0,0
YourStory,2017.0,3000000.0,1
YouthKiAwaaz,2015.0,600000.0,1
Yufta,2016.0,0.0,0
Yulu Bikes,2018.0,0.0,0
Yumigo,2016.0,300000.0,1
Yumist,2015.0,3000000.0,2
Yumlane,2016.0,1000000.0,1
Yupp TV,2016.0,50000000.0,1
Yuvi Hospitality,2015.0,15000000.0,1
Zakoopi,2015.0,350000.0,1
ZapStitch,2015.0,2000000.0,1
Zapluk,2015.0,0.0,0
Zappfresh,2015.0,77000.0,1
Zappfresh,2016.0,0.0,0
Zappfresh,2018.0,3000000.0,1
Zappka,2016.0,100000.0,1
Zapr,2015.0,0.0,0
Zapr,2016.0,0.0,0
Zapr,2017.0,10000000.0,1
Zapty,2017.0,500000.0,1
Zapyle,2015.0,1000000.0,1
Zapyle,2017.0,0.0,0
Zarget,2016.0,7500000.0,2
Zebi (yet to launch),2016.0,1000000.0,1
Zebpay,2016.0,1000000.0,1
Zebroads,2016.0,75000.0,1
Zefo,2016.0,6000000.0,1
Zefo,2017.0,9200000.0,1
ZenDrive,2016.0,13500000.0,1
ZenParent,2015.0,500000.0,1
ZenRadius,2015.0,0.0,0
Zenatix,2015.0,161000.0,1
Zenatix,2017.0,1200000.0,1
Zendrive,2019.0,37000000.0,1
Zenify,2015.0,20.0,1
Zenify,2016.0,900000.0,1
Zenify.in,2015.0,640000.0,1
Zenoti,2016.0,15000000.0,1
Zenoti,2019.0,50000000.0,1
Zeolr/RespirON,2016.0,0.0,0
Zepo,2017.0,500000.0,1
Zeppery,2015.0,77000.0,1
ZeroInfy,2016.0,0.0,0
Zest Money,2016.0,6500000.0,1
ZestMoney,2017.0,6500000.0,1
ZestMoney,2018.0,13400000.0,1
Zeta,2016.0,19000000.0,1
ZiPi,2016.0,0.0,0
Ziffity,2016.0,0.0,0
ZiffyHomes,2018.0,120000.0,1
Zify,2015.0,190000.0,1
Zilingo,2015.0,1900000.0,1
Zilingo,2016.0,8000000.0,1
Zilingo,2019.0,226000000.0,1
Zimmber,2015.0,2400000.0,2
ZingHR,2017.0,0.0,0
Zinka,2015.0,6000000.0,1
ZipGo,2017.0,0.0,0
ZipGrid,2017.0,500000.0,1
ZipLoan,2016.0,0.0,0
ZipLoan,2017.0,3650000.0,2
Zipgrid,2016.0,200000.0,1
ZippServe,2017.0,390000.0,1
Zivame,2015.0,40000000.0,1
Zo Rooms,2015.0,45000000.0,2
Zocalo,2015.0,0.0,0
Zoctr,2015.0,1000000.0,1
Zoctr,2016.0,0.0,0
Zoctr,2017.0,0.0,0
Zoctr,2018.0,0.0,0
Zolo,2016.0,0.0,0
ZoloStays,2017.0,5000000.0,1
Zomato,2015.0,85000000.0,2
Zomato,2018.0,200000000.0,1
Zomato,2020.0,150000000.0,1
Zoojoo.be,2015.0,1000000.0,1
ZoomCar,2016.0,24000000.0,1
Zoomcar,2015.0,16000000.0,2
Zoomcar,2016.0,0.0,0
ZopHop,2015.0,450000.0,1
ZopNow,2015.0,10000000.0,1
Zopper,2015.0,20000000.0,1
Zovi.com / Little App,2015.0,50000000.0,1
ZuperMeal,2015.0,2000000.0,1
Zuppler,2016.0,650000.0,1
Zuver,2016.0,180000.0,1
Zwayam,2016.0,250000.0,1
Zzungry,2016.0,0.0,0
Ameyo,2015.0,205000000.0,1
Bluestone,2015.0,2016200000.0,1
CloudCherry,2016.0,6000000.0,1
Footprints Education,2015.0,20685000.0,1
Loylty Rewards,2015.0,2019350000.0,1
Mamagoto,2015.0,2010000000.0,1
News in shorts,2015.0,2020000000.0,1
Notesgen,2015.0,20.0,1
Nudgespot,2015.0,625000.0,1
Satvacart,2015.0,20.0,1
Shopsity,2015.0,20.0,1
aagaar.com,2015.0,0.0,0
couponmachine.in,2015.0,140000.0,1
deGustibus,2015.0,30000000.0,1
dishq,2018.0,400000.0,1
dunzo,2016.0,650000.0,1
eBikeGo,2019.0,300000.0,1
eKincare,2015.0,161000.0,1
eKincare,2016.0,330000.0,1
eKincare,2018.0,1500000.0,1
ePathsala,2016.0,0.0,0
ePoise,2015.0,500000.0,1
eQuickies,2016.0,298000.0,1
eSadar,2015.0,80000.0,1
eSahai.in,2017.0,250000.0,1
eShakti,2016.0,1350000.0,1
eShakti,2017.0,2300000.0,1
eShiksha,2017.0,0.0,0
eSwasthya,2016.0,0.0,0
elong,2015.0,5000000.0,1
enCashea,2016.0,0.0,0
enKast,2016.0,2000000.0,1
eshakti,2018.0,10100000.0,1
etaout,2015.0,500000.0,1
evibe.in,2016.0,0.0,0
gear6,2016.0,500000.0,1
getNow,2015.0,0.0,0
goSporto,2016.0,30000.0,1
happay,2015.0,500000.0,1
happay,2018.0,250000.0,1
healthifyme,2018.0,12000000.0,1
holachef,2018.0,311200.0,1
https://www.wealthbucket.in/,2020.0,3000000.0,1
i-lend,2017.0,0.0,0
i2e1,2015.0,500000.0,1
i2i Funding,2018.0,768000.0,1
i2ifunding,2016.0,300000.0,1
i3sysytems,2018.0,1000000.0,1
iAugmentor Labs,2016.0,149000.0,1
iBus Networks,2016.0,2300000.0,1
iChef.in,2015.0,0.0,0
iCliniq,2016.0,0.0,0
iCrushiFlush,2015.0,0.0,0
iCustomadeit,2015.0,250000.0,1
iDreamCareer,2015.0,0.0,0
iDreamCareer,2016.0,0.0,0
iGenetics,2017.0,19500000.0,1
iGrenEnergi,2016.0,1000000.0,1
iMMi Life,2015.0,0.0,0
iManageMyHotel,2017.0,0.0,0
iNICU,2018.0,0.0,0
iNurture,2017.0,1500000.0,1
iNurture,2018.0,4400000.0,1
iOrderFresh,2015.0,0.0,0
iOrderFresh,2017.0,0.0,0
iSTAR,2015.0,0.0,0
iServe Financial,2016.0,0.0,0
iService,2017.0,440000.0,1
iStar Skill Development,2015.0,1500000.0,1
iStyleYou,2016.0,100000.0,1
iTraveller.com,2015.0,1000000.0,1
iZofy,2015.0,0.0,0
iamwire,2015.0,0.0,0
icanstay,2018.0,500000.0,1
icustommadeit,2016.0,4000000.0,1
imedilane,2016.0,40000.0,1
inMotion,2016.0,0.0,0
inclov,2016.0,0.0,0
infeedo,2016.0,200000.0,1
intouchapp,2016.0,0.0,0
iqlect,2018.0,2500000.0,1
kWatt Solutions,2015.0,500000.0,1
kidovators,2018.0,180000.0,1
kredX,2016.0,750000.0,1
lehlehsports,2016.0,0.0,0
m.paani,2016.0,0.0,0
mChamp,2016.0,475000.0,1
mFicient,2015.0,0.0,0
mPaani,2017.0,1350000.0,1
mShipper,2015.0,0.0,0
mSwipe,2017.0,31000000.0,1
mamaearth,2018.0,0.0,0
medECUBE,2016.0,4000000.0,1
mfine,2018.0,4200000.0,1
mintifi,2018.0,2000000.0,1
mishTag,2016.0,0.0,0
numberz.in,2016.0,650000.0,1
oibanit,2015.0,150000.0,1
perpule,2017.0,650000.0,1
pi Ventures,2018.0,25000000.0,1
practo,2015.0,90000000.0,1
quizizz,2018.0,3000000.0,1
rBus,2015.0,0.0,0
trueHb,2015.0,2400000.0,1
underDOGS,2016.0,0.0,0
vImmune,2016.0,0.0,0
vPhrase Analytics,2016.0,0.0,0
wWhere,2015.0,200000.0,1
wayForward,2017.0,1000000.0,1
zippserv,2018.0,440000.0,1
